cityName,country,lat,lng,temp,minTemp,maxTemp,seaLevel,grndLevel,humidity,cloudiness,winds,windDegrees,date
Aberdeen,US,45.47,-98.49,21.92,21.92,21.92,,,45,1,3.36,310,11/12/18
Aberdeen,US,45.47,-98.49,39.92,39.92,39.92,,,62,1,10.29,190,11/14/18
Aberdeen,US,45.47,-98.49,48.92,48.92,48.92,,,56,75,27.51,300,11/15/18
Aberdeen,US,45.47,-98.49,24.98,24.98,24.98,,,80,90,5.82,80,11/16/18
Abilene,US,32.45,-99.73,33.66,33.26,33.98,,,69,90,19.46,360,11/12/18
Ada,US,47.3,-96.52,11.8,8.6,14,,,56,1,6.93,300,11/12/18
Ada,US,47.3,-96.52,32.7,30.2,35.6,,,88,90,12.75,330,11/15/18
Ahuimanu,US,21.44,-157.84,80.02,77,82.04,,,66,40,12.75,70,11/12/18
Ahuimanu,US,21.44,-157.84,80.42,76.64,82.04,,,62,1,5.82,50,11/14/18
Ahuimanu,US,21.44,-157.84,71.94,68.54,73.94,,,84,75,5.82,360,11/15/18
Ahuimanu,US,21.44,-157.84,74.26,69.8,77,,,94,75,3.36,300,11/16/18
Ahuimanu,US,21.44,-157.84,73.11,69.8,77,,,87,75,16.11,60,11/17/18
Alamogordo,US,32.9,-105.96,44.02,43.52,44.6,,,28,1,2.51,96.5013,11/14/18
Alamosa,US,37.47,-105.87,24.08,24.08,24.08,,,47,20,8.05,320,11/12/18
Alamosa,US,37.47,-105.87,32,32,32,,,60,1,4.7,340,11/14/18
Alamosa,US,37.47,-105.87,37.94,37.94,37.94,,,46,1,2.93,174.003,11/15/18
Alamosa,US,37.47,-105.87,12.02,12.02,12.02,,,87,1,3.09,92.0075,11/17/18
Albemarle,US,35.35,-80.2,41.52,38.48,44.78,,,100,90,5.82,340,11/12/18
Albert Lea,US,43.65,-93.37,18.99,17.6,21.2,,,67,75,8.05,320,11/12/18
Albert Lea,US,43.65,-93.37,32.99,30.02,35.6,,,59,1,11.41,170,11/14/18
Alexandria,US,31.31,-92.44,36.79,33.08,37.94,,,78,1,4.7,80,11/14/18
Alexandria,US,31.31,-92.44,34.2,32,35.6,,,95,1,3.47,176.504,11/16/18
Alexandria,US,31.31,-92.44,36.23,33.08,39.02,,,94,1,2.75,156.008,11/17/18
Alice,US,27.75,-98.07,47.64,44.06,49.1,,,46,1,4.7,30,11/14/18
Alice,US,27.75,-98.07,40.96,39.2,42.98,,,91,1,3.36,320,11/16/18
Alpena,US,45.06,-83.43,34.65,33.26,35.6,,,69,40,14.99,160,11/15/18
Alpine,US,43.07,-85.69,33.76,29.84,35.96,,,93,90,4.7,240,11/16/18
Altus,US,34.64,-99.33,32.43,30.92,33.98,,,67,90,24.16,360,11/12/18
Altus,US,34.64,-99.33,37.71,32.9,42.98,,,83,1,8.05,120,11/17/18
Amarillo,US,35.21,-101.83,37.31,35.6,38.12,,,80,40,26.4,350,11/17/18
Ammon,US,43.47,-111.97,23.31,19.94,26.06,,,73,20,4.25,224.504,11/16/18
Anaconda,US,46.13,-112.94,39.02,39.02,39.02,,,59,1,4.7,350,11/15/18
Anahuac,US,29.77,-94.68,52.86,50,55.94,,,87,90,14.99,320,11/12/18
Anahuac,US,29.77,-94.68,44.94,40.1,50,,,68,1,6.93,300,11/14/18
Anchorage,US,61.22,-149.89,35.49,33.8,37.04,,,92,75,10.18,95.0015,11/12/18
Anchorage,US,61.22,-149.89,31.05,28.94,32.72,,,99,75,3.71,6.50165,11/14/18
Anchorage,US,61.22,-149.89,25.12,21.02,28.94,,,99,75,4.7,10,11/16/18
Anchorage,US,61.22,-149.89,30.02,28.58,33.08,,,88,90,8.34,27.5075,11/17/18
Andrews,US,32.32,-102.55,47.77,45.86,49.1,,,45,1,3.36,110,11/14/18
Apex,US,35.73,-78.85,43.29,41,44.6,,,81,1,5.82,30,11/14/18
Aransas Pass,US,27.91,-97.15,55.72,53.06,57.02,,,85,90,29.97,350,11/12/18
Arcata,US,40.87,-124.08,51.46,51.08,51.8,,,73,1,3.36,240,11/15/18
Arcata,US,40.87,-124.08,40.1,37.94,42.8,,,75,1,9.17,140,11/16/18
Arkadelphia,US,34.12,-93.05,33.73,32,35.06,,,84,1,3.02,220.004,11/16/18
Arkadelphia,US,34.12,-93.05,34.61,33.8,35.96,,,82,1,2.98,201.508,11/17/18
Arthur,US,41.57,-101.69,33.44,33.44,33.44,,,30,1,14.99,330,11/12/18
Arvin,US,35.21,-118.83,61.77,55.94,64.94,,,23,1,3.36,280,11/14/18
Asheboro,US,35.71,-79.81,42.01,41,42.98,,,86,90,4.7,30,11/14/18
Asheville,US,35.6,-82.55,30.02,30.02,30.02,,,78,75,16.11,350,11/16/18
Ashland,US,38.48,-82.64,35.96,35.96,35.96,,,66,90,9.17,50,11/14/18
Ashland,US,38.48,-82.64,39.92,39.92,39.92,,,92,90,8.05,110,11/15/18
Ashland,US,38.48,-82.64,37.04,37.04,37.04,,,92,90,2.3,77.0075,11/17/18
Astoria,US,46.19,-123.83,60.98,60.98,60.98,,,30,1,11.41,90,11/12/18
Astoria,US,46.19,-123.83,48.92,48.92,48.92,,,100,90,2.35,193.504,11/16/18
Astoria,US,46.19,-123.83,44.96,44.96,44.96,,,92,1,4.09,50.0075,11/17/18
Atchison,US,39.56,-95.12,44.42,42.98,46.04,,,44,1,13.87,200,11/15/18
Atchison,US,39.56,-95.12,29.57,23,35.06,,,100,1,5.7,266.504,11/16/18
Athens,US,34.8,-86.97,37.42,33.8,39.92,,,100,90,5.82,260,11/14/18
Athens,US,34.8,-86.97,32.22,30.2,33.98,,,79,1,3.31,149.508,11/17/18
Auburn,US,32.61,-85.48,32.49,30.02,35.06,,,100,1,3.36,280,11/16/18
Austin,US,30.27,-97.74,59.86,57.2,62.6,,,35,1,6.93,200,11/15/18
Avon Park,US,27.6,-81.51,49.98,46.4,53.6,,,76,5,4.7,360,11/17/18
Azle,US,32.9,-97.55,41.31,35.06,46.94,,,56,1,5.59,246.504,11/16/18
Aztec,US,36.82,-107.99,40.48,39.92,41,,,37,1,4.38,166.003,11/15/18
Bainbridge,US,30.9,-84.58,71.69,69.8,73.4,,,78,40,3.36,170,11/12/18
Bainbridge,US,30.9,-84.58,35.2,33.8,37.4,,,100,1,3.36,270,11/16/18
Baker City,US,44.77,-117.83,46.04,46.04,46.04,,,32,1,11.41,80,11/12/18
Baker City,US,44.77,-117.83,35.06,35.06,35.06,,,66,1,3.36,220,11/15/18
Baker City,US,44.77,-117.83,24.08,24.08,24.08,,,87,40,2.13,315.504,11/16/18
Bar Harbor,US,44.39,-68.2,17.96,17.96,17.96,,,56,1,12.75,310,11/14/18
Baraboo,US,43.47,-89.74,36.97,35.6,39.2,,,48,1,9.17,170,11/15/18
Barstow,US,31.46,-103.39,29.05,26.96,31.1,,,88,1,6.93,340,11/17/18
Bastrop,US,32.78,-91.91,45.79,43.88,48.02,,,98,90,10.29,320,11/12/18
Bastrop,US,32.78,-91.91,46.18,45.86,46.58,,,50,1,8.05,250,11/15/18
Baton Rouge,US,30.45,-91.15,48.92,48.92,48.92,,,45,1,6.93,,11/15/18
Battle Creek,US,42.32,-85.18,30.15,28.4,32,,,90,90,10.29,220,11/16/18
Bay City,US,43.59,-83.89,32.94,32,33.8,,,100,90,5.82,80,11/15/18
Bay City,US,43.59,-83.89,32.22,32,32.54,,,100,90,5.82,270,11/17/18
Bayonet Point,US,28.33,-82.68,47.52,37.04,55.94,,,100,1,12.48,36.0075,11/17/18
Bayshore Gardens,US,27.43,-82.59,50.49,44.6,55.94,,,81,1,12.75,30,11/17/18
Beachwood,US,41.46,-81.51,37.08,34.16,39.2,,,100,90,11.41,250,11/17/18
Beaverton,US,45.49,-122.8,43.03,37.94,50,,,92,1,7.23,61.5075,11/17/18
Beckley,US,37.78,-81.19,37.76,35.96,40.1,,,88,90,3.36,90,11/12/18
Beckley,US,37.78,-81.19,35.83,33.98,38.66,,,69,90,4.7,100,11/14/18
Beckley,US,37.78,-81.19,31.57,29.3,35.96,,,85,90,1.97,303.508,11/17/18
Belle Fourche,US,44.67,-103.85,30.2,30.2,30.2,,,39,1,14.99,300,11/12/18
Belle Fourche,US,44.67,-103.85,46.27,44.6,48.2,,,36,1,9.17,260,11/14/18
Belle Fourche,US,44.67,-103.85,16.09,14,17.6,,,92,90,3.53,13.5075,11/17/18
Belle Glade,US,26.68,-80.67,82.27,82.04,82.4,,,65,1,10.29,150,11/12/18
Belle Glade,US,26.68,-80.67,58.46,50,64.4,,,81,1,6.93,350,11/17/18
Bellefontaine,US,40.36,-83.76,30.87,30.02,32,,,89,90,11.41,230,11/16/18
Bellevue,US,47.61,-122.19,51.24,48.92,53.06,,,92,90,2.57,167.504,11/16/18
Bellmead,US,31.59,-97.11,37.29,37.04,37.94,,,85,1,4.7,200,11/16/18
Bemidji,US,47.48,-94.89,12.42,10.4,14,,,64,90,11.41,300,11/12/18
Bemidji,US,47.48,-94.89,37.36,35.96,39.2,,,69,1,11.41,190,11/14/18
Bemidji,US,47.48,-94.89,33.6,30.2,35.6,,,77,40,6.93,290,11/15/18
Bend,US,44.06,-121.32,51.08,50,51.98,,,43,40,1.81,241.002,11/14/18
Bend,US,44.06,-121.32,46.69,46.4,46.94,,,61,1,3.38,180.003,11/15/18
Bend,US,44.06,-121.32,39.63,39.2,39.92,,,64,90,3.36,310,11/17/18
Benton,US,34.56,-92.59,42.69,41,44.6,,,92,90,3.36,,11/12/18
Benton Harbor,US,42.12,-86.45,32.5,28.94,36.68,,,82,90,11.41,260,11/16/18
Berea,US,41.37,-81.85,28.27,26.6,30.02,,,63,90,8.05,80,11/14/18
Berea,US,41.37,-81.85,33.22,31.82,35.06,,,81,90,8.52,129.003,11/15/18
Berea,US,41.37,-81.85,36.75,33.98,39.2,,,100,90,11.41,250,11/17/18
Bernalillo,US,35.3,-106.55,38.89,33.8,46.04,,,73,1,2.71,339.502,11/14/18
Bernalillo,US,35.3,-106.55,28.65,22.82,33.08,,,58,20,2.35,325.504,11/16/18
Bethalto,US,38.91,-90.04,31.89,31.1,33.08,,,100,1,9.17,90,11/17/18
Bethel,US,60.79,-161.76,23,23,23,,,95,75,13.87,30,11/12/18
Bethel,US,60.79,-161.76,21.02,21.02,21.02,,,87,40,12.75,40,11/14/18
Bethel,US,60.79,-161.76,12.92,12.92,12.92,,,91,1,13.87,20,11/15/18
Bethel,US,60.79,-161.76,28.04,28.04,28.04,,,95,90,9.17,360,11/16/18
Bethel,US,60.79,-161.76,35.06,35.06,35.06,,,95,90,5.82,50,11/17/18
Big Rapids,US,43.7,-85.48,31.21,28.76,32.54,,,73,90,5.77,287.008,11/17/18
Big Spring,US,32.25,-101.48,35.06,33.62,36.14,,,69,90,27.51,360,11/12/18
Billings,US,45.79,-108.5,53.06,53.06,53.06,,,39,40,13.87,330,11/15/18
Billings,US,45.79,-108.5,48.02,48.02,48.02,,,45,90,10.29,290,11/16/18
Billings,US,45.79,-108.5,12.02,12.02,12.02,,,87,75,4.7,10,11/17/18
Bismarck,US,46.81,-100.78,19.26,17.6,21.02,,,61,90,3.36,280,11/12/18
Bismarck,US,46.81,-100.78,36.34,35.6,37.04,,,100,75,17.22,320,11/15/18
Bismarck,US,46.81,-100.78,29.21,28.4,30.02,,,100,92,10.29,170,11/16/18
Bismarck,US,46.81,-100.78,2.75,-0.41,5,,,91,1,5.82,330,11/17/18
Bixby,US,35.94,-95.88,41.85,39.02,44.6,,,79,1,8.68,193.508,11/17/18
Blackfoot,US,43.19,-112.35,27.34,24.98,30.92,,,85,90,11.41,40,11/17/18
Bloomfield,US,40.75,-92.42,26.69,25.7,28.4,,,58,1,7.85,133.002,11/14/18
Bloomingdale,US,41.96,-88.08,32.54,30.92,34.7,,,92,90,3.36,360,11/17/18
Bloomington,US,40.47,-88.99,34.88,32,35.96,,,85,90,4.7,280,11/16/18
Blue Springs,US,39.02,-94.28,33.75,30.92,35.6,,,84,1,4.7,270,11/16/18
Blytheville,US,35.93,-89.92,41.94,41,42.8,,,93,100,12.75,360,11/12/18
Bogalusa,US,30.79,-89.85,63.7,60.8,68,,,89,90,3.36,40,11/12/18
Bolivar,US,37.61,-93.41,28.04,28.04,28.04,,,81,90,19.46,350,11/12/18
Bossier City,US,32.52,-93.73,39.4,36.14,42.08,,,96,1,5.21,182.008,11/17/18
Bowling Green,US,36.99,-86.44,32.34,32,33.08,,,81,90,10.29,230,11/15/18
Bowling Green,US,36.99,-86.44,28.71,27.86,30.2,,,92,90,2.42,89.5075,11/17/18
Bozeman,US,45.68,-111.04,30.09,26.06,35.6,,,24,1,2.42,213.001,11/12/18
Bozeman,US,45.68,-111.04,42.96,39.2,48.02,,,44,90,17.22,170,11/16/18
Brainerd,US,46.36,-94.2,14.56,12.2,19.04,,,56,90,8.05,350,11/12/18
Brainerd,US,46.36,-94.2,34.47,33.8,35.96,,,69,1,12.75,160,11/14/18
Brainerd,US,46.36,-94.2,36.75,35.6,39.02,,,69,40,3.36,210,11/15/18
Brainerd,US,46.36,-94.2,21.83,19.4,24.98,,,79,90,5.82,330,11/16/18
Brandon,US,43.59,-96.57,15.37,12.2,17.96,,,80,75,13.87,10,11/17/18
Brattleboro,US,42.85,-72.56,39.7,33.98,44.96,,,72,1,3.87,208.501,11/12/18
Brawley,US,32.98,-115.53,67.03,64.94,68,,,27,1,2.59,296.002,11/14/18
Brawley,US,32.98,-115.53,47.93,46.94,48.92,,,33,1,1.57,291.504,11/16/18
Brenham,US,30.17,-96.4,56.91,53.96,59,,,31,1,10.29,220,11/15/18
Brewster,US,41.76,-70.08,40.33,37.94,42.98,,,100,75,12.75,250,11/17/18
Brigantine,US,39.41,-74.36,48.56,46.94,50,,,68,1,3.36,50,11/12/18
Brigantine,US,39.41,-74.36,36.61,33.08,39.02,,,49,1,6.93,20,11/14/18
Brigantine,US,39.41,-74.36,37.98,35.96,39.92,,,88,90,18.34,290,11/16/18
Brigantine,US,39.41,-74.36,41.22,39.02,42.98,,,70,90,9.17,260,11/17/18
Brookings,US,44.31,-96.8,18.7,17.06,22.46,,,61,12,12.75,340,11/12/18
Brookings,US,44.31,-96.8,22.41,21.02,26.24,,,92,1,6.93,330,11/16/18
Brownsville,US,25.91,-97.49,65.61,64.4,66.02,,,37,1,5.82,,11/15/18
Brownsville,US,25.91,-97.49,41.92,39.92,42.98,,,93,20,1.45,147.004,11/16/18
Brownsville,US,25.91,-97.49,62.1,59,64.4,,,93,75,9.35,138.008,11/17/18
Brownwood,US,31.71,-98.99,36.95,28.4,46.04,,,100,1,5.93,230.504,11/16/18
Brownwood,US,31.71,-98.99,38.75,32,42.8,,,90,1,5.99,191.008,11/17/18
Buckeye,US,33.37,-112.58,44.28,37.4,50,,,55,1,5.82,330,11/17/18
Bucksport,US,33.66,-79.1,52.79,46.4,57.92,,,100,90,8.79,118.501,11/12/18
Buffalo Grove,US,41.98,-89.6,30.69,30.02,31.1,,,100,90,7.45,37.5075,11/17/18
Bullhead City,US,35.15,-114.57,47.19,41,51.8,,,25,1,2.57,347.504,11/16/18
Burley,US,42.54,-113.79,40.37,37.04,44.06,,,39,1,3.27,255.002,11/14/18
Butler,US,41.43,-84.87,39.06,37.4,40.1,,,76,90,4.59,305.501,11/12/18
Butte,US,46.01,-112.54,24.98,24.98,24.98,,,59,1,2.86,224.501,11/12/18
Butte,US,46.01,-112.54,39.02,39.02,39.02,,,59,1,4.7,350,11/15/18
Butte,US,46.01,-112.54,17.06,17.06,17.06,,,76,90,4.7,340,11/17/18
Cadillac,US,44.25,-85.4,33.15,30.92,35.06,,,89,90,5.82,250,11/16/18
California City,US,35.13,-117.99,61.36,59,64.94,,,8,1,8.05,80,11/14/18
Callaway,US,46.98,-95.91,12.97,12.2,14,,,66,40,10.29,320,11/12/18
Callaway,US,46.98,-95.91,38.66,35.96,41,,,65,1,10.29,190,11/14/18
Camden,US,39.94,-75.12,29.79,26.06,35.6,,,92,90,14.99,40,11/15/18
Canon City,US,39.46,-117.13,41.5,41.5,41.5,1046.55,823.53,13,0,3.58,5.00146,11/12/18
Canon City,US,39.46,-117.13,45.02,45.02,45.02,1039.42,818.74,22,32,3.6,166.503,11/15/18
Canton,US,40.8,-81.38,33.19,31.82,35.06,,,93,90,6.93,110,11/15/18
Canton,US,40.8,-81.38,32.32,30.92,33.98,,,92,90,3.36,240,11/16/18
Canyon,US,34.98,-101.92,29.19,26.96,31.1,,,74,90,20.8,10,11/12/18
Canyon,US,34.98,-101.92,33.31,31.28,35.06,,,88,1,2.91,125.004,11/16/18
Canyon Lake,US,33.68,-117.26,71.6,68,75.02,,,6,1,9.17,60,11/14/18
Cape Canaveral,US,28.41,-80.6,78.71,76.28,80.6,,,89,1,10.29,130,11/14/18
Cape Canaveral,US,28.41,-80.6,74.7,72.86,75.92,,,69,40,10.29,300,11/15/18
Cape Canaveral,US,28.41,-80.6,52.21,50,54.32,,,87,75,10.29,320,11/16/18
Cape Canaveral,US,28.41,-80.6,54.59,51.08,58.1,,,83,1,9.17,320,11/17/18
Carbondale,US,38.82,-95.69,27.72,24.98,30.02,,,57,90,16.11,360,11/12/18
Carbondale,US,38.82,-95.69,44.71,42.08,46.94,,,40,1,10.29,190,11/15/18
Carpentersville,US,42.12,-88.26,35.17,33.08,37.04,,,84,90,10.29,250,11/16/18
Casper,US,42.87,-106.31,46.04,46.04,46.04,,,36,1,12.75,230,11/14/18
Casper,US,42.87,-106.31,37.94,37.94,37.94,,,42,1,20.8,220,11/16/18
Casper,US,42.87,-106.31,15.08,15.08,15.08,,,90,90,13.87,30,11/17/18
Cedar City,US,37.68,-113.06,39.92,39.92,39.92,,,32,1,12.75,350,11/12/18
Cedar City,US,37.68,-113.06,41,41,41,,,40,1,4.7,90,11/14/18
Cedar City,US,37.68,-113.06,44.96,44.96,44.96,,,36,1,3.15,76.5025,11/15/18
Cedar City,US,37.68,-113.06,26.06,26.06,26.06,,,74,1,2.24,167.504,11/16/18
Centralia,US,39.21,-92.14,32.85,28.94,35.24,,,85,1,4.7,270,11/16/18
Centralia,US,39.21,-92.14,33.76,30.92,35.96,,,91,1,5.1,152.008,11/17/18
Chalmette,US,29.94,-89.96,47.73,46.04,51.44,,,57,1,9.17,330,11/15/18
Chambersburg,US,39.94,-77.66,34.59,30.02,41,,,47,1,5.82,360,11/14/18
Charleston,US,38.35,-81.63,41,41,41,,,88,90,3.36,90,11/12/18
Charleston,US,38.35,-81.63,30.92,30.92,30.92,,,85,90,12.75,240,11/16/18
Charlestown,US,41.38,-71.64,46.81,44.96,48.92,,,70,75,6.93,180,11/12/18
Charlestown,US,41.38,-71.64,31.62,28.94,35.06,,,55,90,5.82,30,11/15/18
Charlestown,US,41.38,-71.64,37.4,33.08,39.92,,,80,75,4.7,230,11/17/18
Charlottesville,US,38.03,-78.48,37.18,35.6,39.92,,,74,1,4.27,52.5016,11/14/18
Charlottesville,US,38.03,-78.48,37.67,33.08,41,,,62,1,11.41,250,11/16/18
Charlottesville,US,38.03,-78.48,30.83,27.14,37.94,,,72,1,2.08,293.008,11/17/18
Chase,US,43.89,-85.64,31.55,28.76,33.26,,,73,90,3.87,302.508,11/17/18
Cheney,US,47.49,-117.58,37.15,33.62,39.92,,,85,1,6.93,150,11/14/18
Cheney,US,47.49,-117.58,35.42,33.98,37.94,,,100,90,5.61,130.003,11/15/18
Cheney,US,47.49,-117.58,36.5,33.98,37.94,,,100,90,4.7,10,11/16/18
Chesapeake,US,36.72,-76.25,52.79,50.18,55.94,,,93,90,5.82,116.501,11/12/18
Cheyenne,US,41.14,-104.82,24.08,24.08,24.08,,,45,1,18.34,340,11/12/18
Cheyenne,US,41.14,-104.82,41.4,38.66,44.06,,,43,1,15.68,280.002,11/14/18
Chico,US,39.73,-121.84,45.52,41,50,,,48,5,3.36,300,11/15/18
Chippewa Falls,US,44.94,-91.39,29.68,25.34,32,,,75,1,6.93,120,11/14/18
Chippewa Falls,US,44.94,-91.39,30.29,28.94,32,,,78,90,16.11,290,11/16/18
Clarksburg,US,39.28,-80.34,40.24,39.2,42.08,,,72,90,2.3,49.5015,11/12/18
Clarksburg,US,39.28,-80.34,35.56,33.98,37.94,,,75,90,4.7,210,11/17/18
Clearlake,US,38.96,-122.63,66.43,64.94,68,,,9,1,3.31,35.5015,11/12/18
Clearwater,US,27.97,-82.8,83.93,82.4,87.8,,,69,75,6.93,210,11/12/18
Cleburne,US,32.35,-97.39,38.91,37.04,41.54,,,86,90,23.04,330,11/12/18
Cleveland,US,41.51,-81.69,28.31,26.6,30.02,,,63,1,3.36,110,11/14/18
Clinton,US,41.84,-90.19,25.21,23.36,26.06,,,74,1,3.36,110,11/14/18
Clinton,US,41.84,-90.19,34.5,33.8,35.96,,,66,1,4.7,240,11/15/18
Clinton,US,41.84,-90.19,30.61,30.02,30.92,,,100,90,4.7,10,11/17/18
Clive,US,41.61,-93.78,35.98,35.06,37.4,,,82,90,9.17,297.004,11/16/18
Cloquet,US,46.72,-92.46,26.37,24.8,28.4,,,79,90,13.87,300,11/16/18
Clovis,US,36.83,-119.7,54.1,53.06,55.94,,,37,40,4.61,141.003,11/15/18
Clovis,US,36.83,-119.7,40.1,35.96,42.8,,,75,90,0.78,216.504,11/16/18
Clovis,US,36.83,-119.7,40.06,37.04,42.8,,,73,90,1.74,69.5075,11/17/18
Coalinga,US,36.14,-120.36,59.65,55.04,66.02,,,45,20,6.93,340,11/14/18
Coalinga,US,36.14,-120.36,36.48,35.96,37.04,,,51,1,4.03,65.5039,11/16/18
Coalinga,US,36.14,-120.36,36.1,35.06,37.04,,,66,1,3.36,210,11/17/18
Coatesville,US,39.98,-75.82,45.52,42.8,48.02,,,56,1,3.8,160.501,11/12/18
Cocoa Beach,US,28.32,-80.61,54.61,51.08,58.1,,,84,1,14.99,330,11/17/18
Cody,US,44.53,-109.06,30.92,30.92,30.92,,,53,1,10.29,100,11/12/18
Cody,US,44.53,-109.06,46.94,46.94,46.94,,,36,20,11.41,260,11/16/18
College,US,64.86,-147.8,26.15,23.36,28.94,,,94,90,6.26,20.0015,11/12/18
College,US,64.86,-147.8,16,14.36,17.06,,,88,20,5.82,70,11/14/18
College,US,64.86,-147.8,-3.97,-5.08,-2.93,,,86,1,4.38,29.0025,11/15/18
College,US,64.86,-147.8,5.9,5.18,6.98,,,89,1,3.98,14.0075,11/17/18
Colon,US,41.3,-96.61,24.49,23,24.98,,,56,90,14.99,330,11/12/18
Colorado Springs,US,38.83,-104.83,24.98,17.6,30.92,,,52,1,6.93,220,11/12/18
Columbia,US,38.95,-92.33,33.17,28.94,35.78,,,81,1,8.05,290,11/16/18
Columbine,US,39.59,-105.07,35.24,27.5,42.08,,,82,1,4.7,210,11/16/18
Columbus,US,32.46,-84.99,51.28,45.68,60.98,,,100,90,5.82,20,11/12/18
Columbus,US,32.46,-84.99,52.18,50.18,53.6,,,100,75,4.7,,11/14/18
Columbus,US,32.46,-84.99,38.98,35.06,42.08,,,85,90,11.41,300,11/15/18
Columbus,US,32.46,-84.99,32.99,30.02,35.06,,,93,1,3.91,331.504,11/16/18
Columbus,US,32.46,-84.99,36.09,32.9,37.94,,,97,1,2.3,322.508,11/17/18
Conway,US,35.09,-92.44,42.46,39.2,44.6,,,86,90,4.7,320,11/12/18
Conway,US,33.84,-79.05,48.83,46.4,51.08,,,70,75,11.41,30,11/14/18
Cookeville,US,36.16,-85.5,45.57,42.8,48.2,,,93,75,5.82,330,11/12/18
Cookeville,US,36.16,-85.5,31.93,30.02,33.8,,,80,90,9.17,250,11/15/18
Coos Bay,US,43.37,-124.22,64.94,64.94,64.94,,,26,1,2.8,111.001,11/12/18
Coos Bay,US,43.37,-124.22,53.96,53.96,53.96,,,86,90,2.71,54.0016,11/14/18
Coos Bay,US,43.37,-124.22,51.08,51.08,51.08,,,89,1,5.82,310,11/15/18
Coos Bay,US,43.37,-124.22,41,41,41,,,100,1,4.7,150,11/16/18
Coos Bay,US,43.37,-124.22,42.8,42.8,42.8,,,100,75,3.36,10,11/17/18
Copperas Cove,US,31.12,-97.9,43.88,41.54,46.76,,,93,1,3.31,188.508,11/17/18
Cordele,US,31.96,-83.78,49.01,48.02,50.9,,,87,90,9.17,290,11/15/18
Cortez,US,37.35,-108.58,33.08,33.08,33.08,,,37,1,2.59,297.502,11/14/18
Cortez,US,37.35,-108.58,44.06,44.06,44.06,,,31,1,3.36,280,11/15/18
Cortez,US,37.35,-108.58,15.08,15.08,15.08,,,73,1,5.82,70,11/16/18
Cortez,US,37.35,-108.58,17.06,17.06,17.06,,,63,1,8.05,50,11/17/18
Covington,US,35.56,-89.65,32.97,30.2,35.06,,,86,1,8.16,243.504,11/16/18
Craig,US,40.52,-107.55,18.3,12.92,24.08,,,94,1,2.46,203.504,11/16/18
Craig,US,40.52,-107.55,24.84,21.92,28.94,,,70,90,2.42,144.008,11/17/18
Creston,US,41.06,-94.36,41.88,41,42.8,,,45,1,16.11,200,11/15/18
Creston,US,41.06,-94.36,33.42,30.2,37.04,,,97,90,16.11,30,11/17/18
Crestview,US,30.76,-86.57,42.57,37.94,44.96,,,67,75,12.75,350,11/15/18
Crowley,US,30.21,-92.37,50.2,48.56,51.08,,,49,1,5.82,350,11/15/18
Culpeper,US,38.47,-78,38.12,35.6,41,,,87,1,4.14,274.504,11/16/18
Cumberland,US,41.97,-71.43,45.73,42.98,48.92,,,60,90,3.36,210,11/12/18
Cumberland,US,41.97,-71.43,29.07,24.08,33.98,,,40,1,13.87,340,11/14/18
Dallas,US,32.78,-96.8,38.57,37.04,41,,,76,90,23.04,340,11/12/18
Danbury,US,41.39,-73.45,33.94,32,37.04,,,88,90,21.92,340,11/16/18
Danville,US,36.59,-79.4,39.49,37.4,42.08,,,95,90,11.41,40,11/12/18
Danville,US,36.59,-79.4,41.31,39.2,44.06,,,82,90,6.93,50,11/14/18
Danville,US,36.59,-79.4,37.27,35.6,39.02,,,94,90,8.75,355.503,11/15/18
Davidson,US,35.5,-80.85,38.3,36.68,39.92,,,97,90,8.05,20,11/15/18
Del Rio,US,29.36,-100.9,48.02,48.02,48.02,,,65,90,14.99,320,11/12/18
Del Rio,US,29.36,-100.9,52.05,51.08,53.06,,,34,1,2.15,207.002,11/14/18
Del Rio,US,29.36,-100.9,56.14,55.04,57.2,,,43,1,3.36,150,11/15/18
Del Rio,US,29.36,-100.9,42.91,42.08,43.7,,,92,1,4.7,90,11/17/18
Deming,US,32.27,-107.76,44.89,40.46,48.92,,,38,90,20.8,70,11/12/18
Depew,US,35.8,-96.51,32.81,30.02,35.6,,,94,1,5.93,69.0039,11/16/18
Destin,US,30.39,-86.5,74.7,73.04,75.92,,,93,90,9.17,200,11/12/18
Devils Lake,US,48.11,-98.87,29.35,28.4,30.2,,,92,90,18.34,340,11/15/18
Devils Lake,US,48.11,-98.87,-1.54,-2.21,-0.94,,,84,1,6.93,280,11/17/18
Dickinson,US,46.88,-102.79,42.08,42.08,42.08,,,54,1,12.75,250,11/14/18
Dickinson,US,46.88,-102.79,39.92,39.92,39.92,,,67,90,17.22,300,11/15/18
Dickinson,US,46.88,-102.79,33.08,33.08,33.08,,,91,90,6.93,130,11/16/18
Dickinson,US,46.88,-102.79,10.94,10.94,10.94,,,80,90,3.36,360,11/17/18
Dillon,US,45.22,-112.64,41,41,41,,,32,1,11.41,180,11/14/18
Dillon,US,45.22,-112.64,44.06,44.06,44.06,,,42,1,16.11,210,11/15/18
Dillon,US,45.22,-112.64,35.96,35.96,35.96,,,45,90,19.46,220,11/16/18
Dixon,US,38.45,-121.82,33.53,31.46,35.6,,,70,40,3.36,340,11/17/18
Dodge City,US,37.75,-100.02,61.45,60.98,62.06,,,30,1,12.75,310,11/15/18
Dothan,US,31.22,-85.39,67.41,64.4,71.06,,,90,90,5.82,290,11/12/18
Douglas,US,58.28,-134.39,42.98,42.98,42.98,,,100,90,6.93,90,11/14/18
Douglas,US,58.28,-134.39,33.26,30.02,35.06,,,100,90,2.68,36.5039,11/16/18
Douglas,US,31.34,-109.55,32,32,32,,,69,1,2.75,208.508,11/17/18
Dubuque,US,42.5,-90.66,38.16,37.04,39.2,,,52,1,8.05,200,11/15/18
Dubuque,US,42.5,-90.66,35.06,32,37.4,,,74,90,14.99,300,11/16/18
Dubuque,US,42.5,-90.66,30.24,28.94,32,,,100,90,5.82,30,11/17/18
Duluth,US,46.77,-92.13,36.34,33.8,39.2,,,55,40,12.75,230,11/15/18
Duncan,US,34.5,-97.96,57.87,55.94,60.62,,,39,1,10.29,210,11/15/18
Dunn,US,35.31,-78.61,43.93,41.9,46.04,,,74,90,10.29,30,11/14/18
Dunn,US,35.31,-78.61,41.32,38.3,44.6,,,69,1,5.82,290,11/16/18
Durango,US,37.28,-107.88,35.19,30.92,37.94,,,51,20,12.75,280,11/12/18
Durango,US,37.28,-107.88,36.36,33.08,39.02,,,49,1,6.93,250,11/14/18
Durango,US,37.28,-107.88,41.68,39.92,44.06,,,38,1,3.36,280,11/15/18
Durant,US,33.99,-96.37,34.2,32,36.5,,,49,1,3.36,70,11/14/18
East Brunswick,US,40.43,-74.42,46.87,44.06,48.92,,,55,1,5.1,167.501,11/12/18
East Peoria,US,40.67,-89.58,31.57,30.74,33.08,,,81,90,5.82,320,11/15/18
East Wenatchee Bench,US,47.43,-120.28,36.52,30.92,39.02,,,92,1,4.7,200,11/12/18
Eastlake,US,32.66,-116.98,72.79,66.92,77,,,10,1,4.05,20.0025,11/15/18
Edgemere,US,39.24,-76.45,32.74,30.2,35.6,,,88,100,22.84,59.0025,11/15/18
Edgewater,US,28.99,-80.9,79.36,75.2,84.02,,,88,75,11.41,140,11/12/18
Edgewater,US,28.99,-80.9,76.28,75.02,77.36,,,88,20,4.7,100,11/14/18
Edgewater,US,28.99,-80.9,70.02,64.4,75.2,,,77,75,11.41,330,11/15/18
El Campo,US,29.2,-96.27,51.66,49.1,53.06,,,82,90,14.99,330,11/12/18
El Campo,US,29.2,-96.27,42.73,37.94,46.04,,,59,1,3.15,347.002,11/14/18
El Campo,US,29.2,-96.27,51.78,49.46,55.94,,,92,40,4.43,114.008,11/17/18
El Reno,US,35.53,-97.96,41.72,35.96,46.04,,,86,1,9.17,160,11/17/18
Eliot,US,43.15,-70.8,32.13,26.06,42.08,,,100,90,19.46,10,11/16/18
Elizabeth City,US,36.3,-76.22,54.73,51.98,57.38,,,93,90,5.82,116.501,11/12/18
Elizabeth City,US,36.3,-76.22,57.99,53.96,61.16,,,89,90,16.11,80,11/15/18
Elizabeth City,US,36.3,-76.22,43.47,41,45.86,,,79,1,13.2,283.004,11/16/18
Elizabeth City,US,36.3,-76.22,38.75,30.2,48.02,,,100,1,6.22,331.008,11/17/18
Elizabethton,US,36.35,-82.21,39.85,32.9,46.4,,,75,75,6.93,70,11/15/18
Elizabethtown,US,40.15,-76.6,34.68,32,37.04,,,49,90,3.94,38.0016,11/14/18
Elk City,US,35.41,-99.4,29.88,28.4,30.92,,,74,90,23.04,360,11/12/18
Elk River,US,45.3,-93.57,37.42,35.42,39.2,,,59,1,11.41,150,11/14/18
Elko,US,40.83,-115.76,41,41,41,,,28,1,2.35,288.501,11/12/18
Elko,US,40.83,-115.76,44.96,44.96,44.96,,,23,1,3.36,320,11/14/18
Elko,US,40.83,-115.76,30.92,30.92,30.92,,,39,1,3.94,185.003,11/15/18
Elko,US,40.83,-115.76,15.98,15.98,15.98,,,61,1,2.68,177.004,11/16/18
Ellsworth,US,38.73,-98.23,24.62,23,26.96,,,65,90,23.04,360,11/12/18
Eloy,US,32.76,-111.56,64.27,62.6,66.02,,,15,1,16.11,70,11/15/18
Emmett,US,43.87,-116.5,41.16,39.92,42.8,,,40,1,5.82,270,11/14/18
Emmett,US,43.87,-116.5,39.51,35.96,42.08,,,48,1,3.36,,11/15/18
Emmett,US,43.87,-116.5,37.22,35.6,41,,,100,1,4.7,280,11/17/18
Emporia,US,38.4,-96.18,26.06,26.06,26.06,,,74,90,17.22,360,11/12/18
Emporia,US,38.4,-96.18,33.08,33.08,33.08,,,95,1,7.67,341.508,11/17/18
Englewood,US,39.65,-104.99,55.47,50,60.26,,,22,40,5.82,150,11/15/18
Enid,US,36.4,-97.88,56.93,55.4,58.28,,,44,1,10.29,220,11/15/18
Enid,US,36.4,-97.88,34.25,32,37.04,,,87,1,6.26,88.5039,11/16/18
Estelle,US,32.87,-97.01,39.78,35.24,44.96,,,50,1,3.6,7.00165,11/14/18
Estelle,US,32.87,-97.01,40.77,35.42,46.94,,,80,1,6.93,180,11/16/18
Estelle,US,32.87,-97.01,45.09,41,48.02,,,81,5,6.93,160,11/17/18
Eureka,US,40.8,-124.16,58.75,55.94,62.6,,,45,1,4.7,320,11/12/18
Eureka,US,40.8,-124.16,49.01,48.02,50,,,82,1,4.7,170,11/14/18
Eureka,US,40.8,-124.16,51.44,51.08,51.8,,,73,1,3.36,240,11/15/18
Eureka,US,40.8,-124.16,40.03,37.94,42.8,,,75,1,9.17,140,11/16/18
Eureka,US,40.8,-124.16,38.55,35.96,41,,,100,75,2.64,108.008,11/17/18
Evans,US,40.38,-104.69,32.7,17.96,42.08,,,78,1,3.36,280,11/16/18
Evans,US,40.38,-104.69,33.44,32,34.34,,,100,90,8.05,80,11/17/18
Evanston,US,42.04,-87.69,31.6,28.94,34.16,,,68,90,8.05,320,11/12/18
Evanston,US,42.04,-87.69,29.57,26.96,33.8,,,71,1,10.09,115.002,11/14/18
Evanston,US,42.04,-87.69,34.61,33.08,35.96,,,75,75,10.29,270,11/16/18
Ewa Beach,US,21.32,-158.01,80.01,77,82.04,,,52,20,11.41,80,11/12/18
Ewa Beach,US,21.32,-158.01,74.28,69.8,77,,,94,75,3.36,300,11/16/18
Excelsior Springs,US,39.34,-94.23,33.26,30.92,35.06,,,85,1,5.82,220,11/16/18
Fairbanks,US,64.84,-147.72,26.17,23.36,28.94,,,94,90,6.26,20.0015,11/12/18
Fairbanks,US,64.84,-147.72,16,14.36,17.06,,,88,20,5.82,70,11/14/18
Fairbanks,US,64.84,-147.72,-3.97,-5.08,-2.93,,,86,1,4.38,29.0025,11/15/18
Fairbanks,US,64.84,-147.72,-7.1,-8.51,-5.63,,,83,1,4.36,63.5039,11/16/18
Fairbanks,US,64.84,-147.72,5.9,5.18,6.98,,,89,1,3.98,14.0075,11/17/18
Fairburn,US,33.57,-84.58,41.4,35.6,46.94,,,85,90,5.61,298.503,11/15/18
Fairfield,US,38.25,-122.04,50.29,44.96,55.94,,,41,1,6.93,50,11/15/18
Fairfield,US,38.25,-122.04,34.3,30.2,41,,,70,40,3.36,340,11/17/18
Fairhaven,US,41.64,-70.9,44.89,39.02,53.06,,,100,90,3.36,340,11/16/18
Fairhope,US,30.52,-87.9,45.36,41,48.92,,,93,40,6.93,340,11/15/18
Fairmont,US,40.64,-97.59,24.53,23,25.52,,,57,20,17.22,360,11/12/18
Fairview,US,40.81,-74,38.66,35.96,41,,,71,40,5.82,270,11/17/18
Fall River,US,41.7,-71.15,46.22,42.98,48.92,,,65,20,3.36,200,11/12/18
Fallon,US,46.84,-105.12,32,32,32,,,58,1,9.17,260,11/12/18
Fallon,US,46.84,-105.12,42.98,42.98,42.98,,,48,1,10.29,270,11/14/18
Fallon,US,46.84,-105.12,44.06,44.06,44.06,,,65,75,13.87,300,11/15/18
Fallon,US,46.84,-105.12,33.8,33.8,33.8,,,100,90,12.97,284.504,11/16/18
Faribault,US,44.3,-93.27,36.39,33.8,39.02,,,64,1,16.11,170,11/14/18
Farmington,US,36.73,-108.21,32.94,30.92,35.96,,,39,75,3.36,140,11/12/18
Farmington,US,36.73,-108.21,37.89,37.04,39.02,,,32,1,6.93,240,11/14/18
Farmington,US,36.73,-108.21,40.53,39.92,41,,,37,1,4.38,166.003,11/15/18
Farmington,US,36.73,-108.21,18.77,17.96,19.94,,,81,1,6.93,80,11/16/18
Farmington,US,36.73,-108.21,21.9,19.94,24.98,,,62,1,8.05,80,11/17/18
Fayetteville,US,36.06,-94.16,29.66,28.94,30.92,,,66,90,4.38,33.0016,11/14/18
Fayetteville,US,36.06,-94.16,45.59,44.06,46.94,,,38,1,11.41,200,11/15/18
Fergus Falls,US,46.28,-96.08,13.77,10.4,17.06,,,66,1,8.05,350,11/12/18
Fergus Falls,US,46.28,-96.08,20.12,17.6,23,,,85,1,5.82,330,11/16/18
Fergus Falls,US,46.28,-96.08,6.19,5,6.8,,,77,40,11.41,360,11/17/18
Fernandina Beach,US,30.67,-81.46,67.84,62.6,71.06,,,91,90,19.46,50,11/14/18
Fernandina Beach,US,30.67,-81.46,55.71,51.8,59,,,78,90,17.22,290,11/15/18
Fernley,US,39.61,-119.25,41.23,39.92,42.98,,,27,1,2.59,311.503,11/15/18
Fernley,US,39.61,-119.25,21.96,17.6,26.96,,,44,1,2.35,337.504,11/16/18
Ferry Pass,US,30.51,-87.21,34.09,30.56,37.04,,,92,1,5.82,40,11/16/18
Findlay,US,41.04,-83.65,40.41,39.02,41,,,64,90,3.36,340,11/12/18
Flagstaff,US,35.2,-111.65,39.7,33.98,48.2,,,15,1,11.41,60,11/12/18
Flagstaff,US,35.2,-111.65,28.09,15.98,42.8,,,30,1,13.87,30,11/16/18
Flagstaff,US,35.2,-111.65,29.25,21.02,44.6,,,30,1,3.53,230.008,11/17/18
Flint,US,43.02,-83.72,32.63,32,33.8,,,85,90,7.78,276.508,11/17/18
Florence,US,34.8,-87.68,34.93,33.8,37.94,,,92,90,6.93,270,11/14/18
Florence,US,34.8,-87.68,29.57,26.96,35.6,,,92,1,3.36,120,11/16/18
Forest,US,32.36,-89.47,32,32,32,,,95,75,3.36,150,11/16/18
Forest Grove,US,45.52,-123.11,48.96,46.94,53.06,,,86,90,2.48,28.5016,11/14/18
Forest Grove,US,45.52,-123.11,43.93,41,48.2,,,96,90,1.23,340.504,11/16/18
Fort Dix,US,40.03,-74.62,40.24,37.94,42.08,,,100,90,5.82,250,11/17/18
Fort Erie,US,42.91,-78.92,33.66,33.08,33.98,,,92,90,16.11,280,11/16/18
Fort Morgan,US,40.25,-103.8,42.67,37.4,49.28,,,25,0,4.7,260,11/14/18
Fort Myers Beach,US,26.45,-81.95,52.72,48.92,57.02,,,82,1,9.17,30,11/17/18
Fort Walton Beach,US,30.41,-86.62,44.71,42.08,48.02,,,92,90,9.17,310,11/14/18
Fortuna Foothills,US,32.66,-114.41,50,50,50,,,37,1,5.82,20,11/16/18
Fountain Hills,US,33.61,-111.72,65.3,64.04,66.56,,,9,1,11.41,70,11/12/18
Fountain Hills,US,33.61,-111.72,45.77,41.36,51.08,,,34,1,4.7,60,11/17/18
Fredericksburg,US,38.3,-77.46,35.06,32,41,,,100,90,10.29,30,11/15/18
Fresno,US,36.74,-119.78,40.12,35.96,42.8,,,75,90,0.78,216.504,11/16/18
Fulton,US,43.32,-76.42,26.26,21.92,30.2,,,52,1,6.93,330,11/14/18
Gaffney,US,35.07,-81.65,41.95,40.28,44.06,,,92,90,9.17,50,11/14/18
Gaffney,US,35.07,-81.65,40.06,37.76,42.98,,,95,90,9.17,30,11/15/18
Gainesville,US,29.65,-82.33,67.44,66.2,69.08,,,93,90,9.17,40,11/14/18
Gainesville,US,29.65,-82.33,38.53,37.4,39.02,,,93,90,9.17,330,11/16/18
Gallup,US,35.53,-108.74,35.06,35.06,35.06,,,33,1,3.36,50,11/14/18
Gallup,US,35.53,-108.74,14.58,14,15.08,,,70,1,3.36,70,11/16/18
Gallup,US,35.53,-108.74,20.37,19.94,21.02,,,61,1,4.43,201.508,11/17/18
Galveston,US,40.58,-86.19,29.34,28.4,30.2,,,77,1,9.17,60,11/14/18
Galveston,US,40.58,-86.19,32.63,31.1,33.8,,,94,90,4.61,101.003,11/15/18
Galveston,US,40.58,-86.19,31.35,29.3,33.8,,,99,90,14.99,260,11/16/18
Galveston,US,40.58,-86.19,32.59,32,33.08,,,96,40,4.7,160,11/17/18
Garden City,US,40.73,-73.63,33.26,32,35.06,,,44,1,9.17,20,11/14/18
Garden City,US,40.73,-73.63,33.58,30.02,35.96,,,60,90,10.29,50,11/15/18
Garden City,US,40.73,-73.63,35.49,33.08,37.04,,,88,90,24.16,330,11/16/18
Garfield Heights,US,41.42,-81.61,39.18,36.5,41,,,48,75,2.08,190.001,11/12/18
Gatesville,US,31.44,-97.74,41.61,41,42.08,,,80,90,20.8,340,11/12/18
Gatesville,US,31.44,-97.74,40.24,35.96,43.7,,,60,1,4.7,120,11/14/18
Gatesville,US,31.44,-97.74,58.77,57.02,61.16,,,63,1,4.72,223.503,11/15/18
Gillette,US,44.29,-105.5,37.04,37.04,37.04,,,66,1,6.93,170,11/14/18
Gillette,US,44.29,-105.5,48.02,48.02,48.02,,,43,1,21.92,340,11/15/18
Gillette,US,44.29,-105.5,44.06,44.06,44.06,,,42,90,12.75,250,11/16/18
Gillette,US,44.29,-105.5,14,14,14,,,95,90,9.17,20,11/17/18
Glendive,US,47.11,-104.71,41.94,41,42.98,,,48,1,10.29,270,11/14/18
Glendive,US,47.11,-104.71,32.77,32,33.8,,,100,90,5.59,320.004,11/16/18
Glendive,US,47.11,-104.71,8.78,8.6,8.96,,,92,90,5.82,310,11/17/18
Glenwood Springs,US,39.55,-107.33,27.16,12.2,37.04,,,51,75,2.91,324.001,11/12/18
Glenwood Springs,US,39.55,-107.33,19.8,15.08,24.8,,,53,1,12.75,220,11/16/18
Glenwood Springs,US,39.55,-107.33,20.64,19.04,23,,,53,40,12.75,220,11/17/18
Godfrey,US,38.96,-90.19,28.31,25.88,30.74,,,88,75,9.17,280,11/16/18
Godfrey,US,38.96,-90.19,31.89,31.1,33.08,,,95,75,6.93,100,11/17/18
Golden Gate,US,38.36,-88.2,31.51,30.02,33.08,,,86,90,3.36,270,11/15/18
Gonzales,US,36.51,-121.44,62.15,60.98,62.96,,,42,1,5.82,340,11/14/18
Goodyear,US,33.44,-112.36,65.5,62.6,69.08,,,21,1,4.61,38.5025,11/15/18
Goshen,US,41.58,-85.83,31.86,30.02,33.8,,,85,90,5.82,150,11/15/18
Graham,US,36.07,-79.4,38.19,35.96,42.08,,,88,90,9.17,340,11/15/18
Grand Forks,US,47.91,-97.06,36.91,35.6,37.94,,,86,1,13.87,200,11/14/18
Grand Forks,US,47.91,-97.06,29.88,28.4,30.56,,,81,90,21.92,350,11/15/18
Grand Forks,US,47.91,-97.06,18.97,17.6,21.2,,,85,90,13.87,350,11/16/18
Grand Forks,US,47.91,-97.06,1.13,-0.05,3.2,,,77,1,6.93,340,11/17/18
Grand Island,US,40.92,-98.34,25.81,23,28.04,,,55,1,14.99,360,11/12/18
Grand Island,US,40.92,-98.34,38.14,35.6,39.92,,,62,1,11.41,180,11/14/18
Grand Island,US,40.92,-98.34,56.53,51.8,60.08,,,42,1,6.93,330,11/15/18
Grand Junction,US,39.06,-108.55,43.38,42.08,44.96,,,36,1,3.04,104.003,11/15/18
Grants,US,35.15,-107.85,26.16,26.16,26.16,1044.48,794.27,48,20,11.41,117.001,11/12/18
Grants Pass,US,42.44,-123.33,52.65,48.92,55.94,,,35,1,9.17,350,11/14/18
Grants Pass,US,42.44,-123.33,37.29,30.02,46.04,,,65,1,10.29,140,11/17/18
Grass Valley,US,39.22,-121.06,63.54,57.92,66.38,,,12,1,6.93,290,11/12/18
Grass Valley,US,39.22,-121.06,50.52,44.06,60.8,,,19,1,2.93,15.5025,11/15/18
Great Falls,US,47.5,-111.29,33.37,32.72,33.98,,,62,20,17.22,230,11/12/18
Great Falls,US,47.5,-111.29,48.56,48.02,49.1,,,31,1,28.86,230,11/14/18
Great Falls,US,47.5,-111.29,50.47,49.82,51.08,,,42,1,11.41,260,11/15/18
Great Falls,US,47.5,-111.29,42.15,41,43.34,,,72,90,9.17,270,11/16/18
Great Falls,US,47.5,-111.29,2.01,-2.21,5,,,91,40,2.98,243.508,11/17/18
Great Neck,US,40.8,-73.73,32.99,30.02,35.06,,,42,1,9.17,350,11/14/18
Green River,US,41.53,-109.47,39.92,39.92,39.92,,,37,1,11.41,260,11/14/18
Green River,US,41.53,-109.47,30.92,30.92,30.92,,,60,1,17.22,240,11/16/18
Green Valley,US,40.41,-89.64,30.24,28.94,32,,,93,90,10.29,340,11/12/18
Green Valley,US,40.41,-89.64,31.37,30.02,33.08,,,81,90,5.82,320,11/15/18
Greensboro,US,36.07,-79.79,39,37.4,42.08,,,95,90,9.84,36.5015,11/12/18
Greensburg,US,30.83,-90.67,33.62,33.08,33.98,,,100,1,3.36,118.004,11/16/18
Greenville,US,34.85,-82.4,32.63,28.94,35.6,,,100,1,2.75,44.5075,11/17/18
Greenwood,US,32.03,-101.9,34.27,32.9,37.04,,,82,0,3.13,178.004,11/16/18
Grinnell,US,41.74,-92.72,24.35,23,25.7,,,64,90,12.75,340,11/12/18
Grinnell,US,41.74,-92.72,29.16,25.7,31.82,,,60,1,5.82,150,11/14/18
Grove City,US,39.88,-83.09,33.91,32,35.96,,,96,90,4.7,120,11/15/18
Gulfport,US,30.37,-89.09,35.58,33.98,37.58,,,96,1,3.24,65.0039,11/16/18
Guymon,US,36.68,-101.48,29.39,26.06,39.02,,,75,1,11.41,230,11/16/18
Guymon,US,36.68,-101.48,36.01,34.7,37.04,,,91,40,17.22,350,11/17/18
Haddonfield,US,39.89,-75.04,40.06,37.94,42.08,,,69,90,3.36,,11/17/18
Hailey,US,43.52,-114.32,39.2,39.2,39.2,,,55,20,4.7,120,11/15/18
Hailey,US,43.52,-114.32,26.6,26.6,26.6,,,73,40,6.93,320,11/16/18
Half Moon Bay,US,37.46,-122.43,66.83,64.4,69.8,,,34,1,2.91,50.5015,11/12/18
Half Moon Bay,US,37.46,-122.43,59.72,57.92,62.6,,,26,1,10.29,360,11/14/18
Half Moon Bay,US,37.46,-122.43,51.91,48.02,55.94,,,69,90,4.38,37.5025,11/15/18
Half Moon Bay,US,37.46,-122.43,40.78,35.96,48.02,,,100,90,3.36,40,11/16/18
Half Moon Bay,US,37.46,-122.43,43.03,35.96,48.02,,,87,90,4.7,40,11/17/18
Hammonton,US,39.64,-74.8,35.06,32,37.94,,,49,1,6.93,20,11/14/18
Harrison,US,39.26,-84.82,43.02,42.08,44.06,,,53,90,5.82,40,11/12/18
Harrisonville,US,38.65,-94.35,41.92,39.2,46.04,,,51,1,9.17,180,11/15/18
Harvard,US,40.62,-98.1,27.45,24.98,28.94,,,88,1,3.36,260,11/16/18
Hattiesburg,US,31.33,-89.29,55.69,55.4,55.94,,,93,90,9.17,30,11/12/18
Hattiesburg,US,31.33,-89.29,34.59,33.8,35.96,,,86,90,11.41,330,11/14/18
Havelock,US,34.88,-76.9,60.13,55.04,69.08,,,93,90,10.29,70,11/12/18
Havelock,US,34.88,-76.9,48.7,44.96,51.08,,,74,1,16.11,40,11/14/18
Havelock,US,34.88,-76.9,69.76,64.94,73.94,,,87,90,11.41,180,11/15/18
Havelock,US,34.88,-76.9,44.8,44.06,46.04,,,85,1,12.75,280,11/16/18
Havelock,US,34.88,-76.9,38.44,32,44.06,,,100,1,8.9,353.508,11/17/18
Havre,US,48.55,-109.68,44.06,44.06,44.06,,,46,90,8.05,250,11/14/18
Havre,US,48.55,-109.68,-0.94,-0.94,-0.94,,,86,40,5.32,217.008,11/17/18
Hayden,US,47.77,-116.79,34.48,32,37.94,,,96,90,2.93,98.5025,11/15/18
Hays,US,38.88,-99.33,39.9,37.04,44.96,,,81,1,9.17,160,11/14/18
Hays,US,38.88,-99.33,58.37,55.04,60.98,,,38,1,10.29,300,11/15/18
Haysville,US,37.56,-97.35,49.35,48.02,51.08,,,52,1,9.17,230,11/15/18
Haysville,US,37.56,-97.35,32.02,26.96,35.96,,,77,1,3.36,40,11/16/18
Healdsburg,US,38.61,-122.87,66.49,64.94,68,,,24,1,10.29,160,11/12/18
Healdsburg,US,38.61,-122.87,58.62,55.94,62.96,,,23,1,3.36,160,11/14/18
Helena,US,46.59,-112.04,33.98,33.98,33.98,,,45,1,8.05,100,11/12/18
Helena,US,46.59,-112.04,41,41,41,,,50,75,8.05,280,11/14/18
Henderson,US,36.04,-114.98,43.57,39.56,48.02,,,41,90,3.13,343.504,11/16/18
Hermiston,US,45.84,-119.29,31.66,28.04,33.98,,,78,90,4.7,90,11/12/18
Hermitage,US,41.23,-80.45,31.53,30.02,32,,,79,90,11.41,120,11/15/18
Herrin,US,37.8,-89.03,27.77,24.98,30.2,,,86,5,4.7,210,11/16/18
Hibbing,US,47.43,-92.94,31.44,28.94,35.6,,,68,1,11.41,170,11/14/18
Hibbing,US,47.43,-92.94,33.87,32,35.6,,,68,1,4.7,190,11/15/18
Hibbing,US,47.43,-92.94,21.81,21.02,23.54,,,87,90,8.05,300,11/16/18
Hibbing,US,47.43,-92.94,11.48,8.6,15.08,,,77,90,10.29,320,11/17/18
Hillsboro,US,39.16,-89.49,30.63,28.4,33.26,,,88,75,9.17,280,11/16/18
Hilo,US,19.71,-155.08,71.64,68.36,75.92,,,76,90,8.05,260,11/12/18
Hilo,US,19.71,-155.08,70.84,62.6,80.96,,,69,1,11.41,110,11/14/18
Hilo,US,19.71,-155.08,65.46,58.46,73.94,,,78,90,4.7,220,11/15/18
Hilo,US,19.71,-155.08,57,48.38,68,,,75,1,5.82,230,11/16/18
Hilo,US,19.71,-155.08,57.34,50.9,69.98,,,97,90,5.82,210,11/17/18
Hilton Head Island,US,32.16,-80.75,64.78,60.8,68,,,100,90,5.82,60,11/12/18
Hilton Head Island,US,32.16,-80.75,49.23,48.2,50.72,,,81,90,13.87,310,11/15/18
Hilton Head Island,US,32.16,-80.75,37.44,37.04,37.94,,,100,1,11.41,310,11/16/18
Hilton Head Island,US,32.16,-80.75,39,36.68,41,,,93,1,2.98,340.508,11/17/18
Hinesville,US,31.85,-81.6,35.83,33.8,37.94,,,99,1,2.42,327.508,11/17/18
Hobbs,US,32.7,-103.14,61.97,60.8,63.14,,,21,1,9.17,230,11/15/18
Hollins,US,37.35,-79.95,36.16,35.42,37.04,,,92,90,3.36,110,11/12/18
Hollins,US,37.35,-79.95,33.96,33.08,35.96,,,96,90,8.05,80,11/15/18
Homer,US,59.64,-151.54,36.37,33.98,39.02,,,81,1,3.36,60,11/14/18
Homer,US,59.64,-151.54,28.42,26.96,30.02,,,92,1,4.7,280,11/15/18
Homer,US,59.64,-151.54,39.61,33.08,46.94,,,65,90,12.75,60,11/16/18
Homer,US,59.64,-151.54,41.38,39.92,42.98,,,82,90,3.36,40,11/17/18
Homewood,US,41.56,-87.67,34.93,33.8,35.96,,,82,90,8.05,260,11/16/18
Honolulu,US,21.3,-157.86,74.25,69.8,77,,,94,75,3.36,300,11/16/18
Honolulu,US,21.3,-157.86,73.13,69.8,77,,,87,75,16.11,60,11/17/18
Hopewell,US,37.3,-77.29,47.01,43.88,51.8,,,95,90,3.36,360,11/12/18
Hopewell,US,37.3,-77.29,33.42,26.96,38.3,,,88,1,2.53,328.008,11/17/18
Hoquiam,US,46.98,-123.89,58.86,57.92,60.08,,,34,1,16.11,70,11/12/18
Hoquiam,US,46.98,-123.89,52.81,51.98,53.96,,,96,90,3.36,240,11/14/18
Hoquiam,US,46.98,-123.89,51.13,50,51.98,,,96,90,3.36,100,11/15/18
Hoquiam,US,46.98,-123.89,51.17,50,53.06,,,100,90,4.7,220,11/16/18
Hot Springs,US,34.5,-93.06,35.06,35.06,35.06,,,95,1,2.35,213.004,11/16/18
Houlton,US,46.13,-67.84,18.27,17.6,19.04,,,87,90,6.93,60,11/16/18
Houston,US,29.76,-95.37,50.4,48.2,51.98,,,81,90,17.22,340,11/12/18
Houston,US,29.76,-95.37,41.2,33.98,46.04,,,30,1,4.7,,11/14/18
Houston,US,29.76,-95.37,56.41,55.04,59,,,22,1,4.27,177.503,11/15/18
Houston,US,29.76,-95.37,37.76,33.8,42.8,,,91,1,2.68,192.504,11/16/18
Houston,US,29.76,-95.37,50.09,45.5,55.4,,,87,1,3.2,139.008,11/17/18
Hueytown,US,33.45,-87,50.5,48.92,53.96,,,92,90,10.29,70,11/12/18
Huntsville,US,34.73,-86.59,29.75,28.94,30.2,,,100,1,3.91,202.504,11/16/18
Huron,US,44.36,-98.21,22.42,21.92,23,,,49,1,12.75,330,11/12/18
Huron,US,44.36,-98.21,42.89,42.08,44.06,,,54,1,12.75,160,11/14/18
Huron,US,44.36,-98.21,28.45,26.06,30.02,,,92,90,8.05,80,11/16/18
Hurricane,US,37.18,-113.29,45.41,39.92,51.98,,,18,1,5.82,270,11/12/18
Hurricane,US,37.18,-113.29,45.84,44.96,46.94,,,29,1,2.37,27.5025,11/15/18
Hurricane,US,37.18,-113.29,33.66,28.94,37.04,,,60,1,3.36,190,11/17/18
Hutchinson,US,38.06,-97.93,26.01,24.98,26.96,,,80,90,17.22,360,11/12/18
Hutchinson,US,38.06,-97.93,38.37,37.04,39.92,,,89,75,20.8,10,11/17/18
Immokalee,US,26.42,-81.42,78.71,75.02,80.96,,,90,75,2.93,312.002,11/14/18
Imperial Beach,US,32.58,-117.11,77.34,73.4,82.04,,,6,1,23.04,110,11/12/18
Independence,US,39.09,-94.42,26.83,24.98,30.02,,,70,90,17.22,360,11/12/18
Independence,US,39.09,-94.42,28.53,26.06,30.92,,,54,1,3.94,64.0016,11/14/18
Indiana,US,40.62,-79.15,27.28,24.98,30.2,,,74,1,3.83,55.5016,11/14/18
Indianapolis,US,39.77,-86.16,40.44,36.86,42.08,,,76,90,6.93,360,11/12/18
Indianola,US,40.24,-100.42,29.93,29.84,30.02,,,47,1,12.75,330,11/12/18
Indianola,US,40.24,-100.42,60.71,60.44,60.98,,,24,1,17.22,360,11/15/18
Isla Vista,US,34.41,-119.86,75.99,73.94,78.08,,,11,1,10.29,230,11/12/18
Isla Vista,US,34.41,-119.86,70.07,62.6,78.08,,,40,1,8.05,150,11/15/18
Isla Vista,US,34.41,-119.86,45.64,42.08,51.08,,,56,1,0.89,342.004,11/16/18
Ithaca,US,42.44,-76.5,28.31,24.98,30.92,,,68,1,11.41,150,11/15/18
Jackson,US,35.61,-88.82,30.13,30.02,30.2,,,92,90,5.82,290,11/14/18
Jackson,US,35.61,-88.82,32.74,30.2,35.6,,,85,90,11.41,260,11/15/18
Jackson,US,35.61,-88.82,32.02,30.2,33.8,,,88,1,4.7,200,11/16/18
Jackson,US,35.61,-88.82,32.56,30.02,35.6,,,76,1,5.44,164.008,11/17/18
Jacksonville,US,30.33,-81.66,69.96,66.2,73.94,,,93,90,13.87,30,11/14/18
Jacksonville,US,30.33,-81.66,56.91,55.22,59,,,83,90,10.29,310,11/15/18
Jasper,US,33.83,-87.28,48.11,46.04,50,,,100,92,5.77,90.5015,11/12/18
Jasper,US,33.83,-87.28,37.04,33.98,39.92,,,100,100,5.17,249.502,11/14/18
Jasper,US,33.83,-87.28,31.87,30.02,33.8,,,74,8,9.17,280,11/15/18
Jasper,US,33.83,-87.28,28.94,26.96,30.2,,,100,48,3.58,203.004,11/16/18
Jasper,US,33.83,-87.28,32.14,30.02,35.96,,,100,0,2.3,191.008,11/17/18
Jefferson City,US,38.58,-92.17,37.9,35.96,39.92,,,46,1,4.7,240,11/15/18
Jennings,US,30.22,-92.66,40.26,37.76,46.04,,,49,1,9.17,320,11/14/18
Jerome,US,34.75,-112.11,52.9,48.02,59,,,22,1,5.82,160,11/15/18
Jonesboro,US,35.84,-90.7,28.81,28.04,30.2,,,92,90,4.7,320,11/14/18
Jonesboro,US,35.84,-90.7,38.53,35.6,41,,,78,20,13.87,260,11/15/18
Junction City,US,39.03,-96.83,39.49,39.02,39.92,,,77,75,10.29,20,11/17/18
Juneau,US,58.3,-134.42,43.75,42.08,44.96,,,85,90,14.99,100,11/12/18
Juneau,US,58.3,-134.42,42.98,42.98,42.98,,,100,90,6.93,90,11/14/18
Juneau,US,58.3,-134.42,41.61,41,42.08,,,100,90,3.15,48.0025,11/15/18
Juneau,US,58.3,-134.42,33.26,30.02,35.06,,,100,90,2.68,36.5039,11/16/18
Juneau,US,58.3,-134.42,39.02,39.02,39.02,,,95,90,20.8,100,11/17/18
Kahului,US,20.89,-156.47,80.28,75.92,84.92,,,49,20,17.22,50,11/12/18
Kahului,US,20.89,-156.47,81.01,77,84.02,,,62,40,10.29,20,11/14/18
Kahului,US,20.89,-156.47,72.32,68,75.92,,,87,40,5.73,113.503,11/15/18
Kahului,US,20.89,-156.47,71.33,69.98,73.04,,,93,90,10.29,50,11/16/18
Kahului,US,20.89,-156.47,72.73,71.06,75.02,,,87,75,9.17,40,11/17/18
Kailua,US,21.39,-157.74,80.02,77,82.04,,,66,40,12.75,70,11/12/18
Kailua,US,21.39,-157.74,80.4,76.64,82.04,,,62,1,5.82,50,11/14/18
Kailua,US,21.39,-157.74,71.92,68.54,73.94,,,84,75,5.82,360,11/15/18
Kailua,US,21.39,-157.74,74.25,69.8,77,,,94,75,3.36,300,11/16/18
Kailua,US,21.39,-157.74,73.08,69.8,77,,,87,75,16.11,60,11/17/18
Kalispell,US,48.2,-114.32,39.92,39.92,39.92,,,82,90,5.82,150,11/16/18
Kapaa,US,22.08,-159.32,79.86,78.98,80.96,,,49,75,13.87,60,11/12/18
Kapaa,US,22.08,-159.32,78.49,78.08,78.98,,,64,90,11.41,10,11/14/18
Kapaa,US,22.08,-159.32,71.96,71.96,71.96,,,81,40,4.7,300,11/15/18
Kapaa,US,22.08,-159.32,73.94,73.94,73.94,,,81,90,10.29,90,11/16/18
Kapaa,US,22.08,-159.32,73.26,71.96,73.94,,,81,90,19.46,30,11/17/18
Kenai,US,60.55,-151.26,40.44,39.92,41,,,92,90,18.34,30,11/12/18
Kenai,US,60.55,-151.26,32.36,30.92,33.98,,,100,20,5.82,30,11/14/18
Kenai,US,60.55,-151.26,18.93,17.96,19.94,,,96,1,5.82,40,11/15/18
Kenai,US,60.55,-151.26,29.97,26.96,33.08,,,88,90,17.22,20,11/16/18
Kenai,US,60.55,-151.26,34.38,33.98,35.06,,,92,90,16.11,30,11/17/18
Keokuk,US,40.4,-91.39,26.64,26.06,26.96,,,73,90,10.29,320,11/12/18
Ketchikan,US,55.34,-131.65,50.38,46.04,53.96,,,73,1,9.17,60,11/12/18
Ketchikan,US,55.34,-131.65,46.08,44.96,46.94,,,93,90,5.82,170,11/14/18
Ketchikan,US,55.34,-131.65,43.32,42.08,44.96,,,85,20,11.41,310,11/15/18
Ketchikan,US,55.34,-131.65,40.24,37.94,42.98,,,82,90,3.36,290,11/16/18
Ketchikan,US,55.34,-131.65,45.12,44.06,46.04,,,76,90,8.05,160,11/17/18
Kewanee,US,41.25,-89.92,29.05,27.68,31.28,,,88,90,10.29,340,11/12/18
Key Largo,US,25.09,-80.45,83.84,82.4,84.92,,,74,40,10.29,80,11/12/18
Key Largo,US,25.09,-80.45,83.35,82.94,83.84,,,71,90,4.7,230,11/15/18
Key Largo,US,25.09,-80.45,62.06,62.06,62.06,,,77,90,12.75,350,11/16/18
Key West,US,47.93,-96.78,11.86,8.6,14,,,71,1,6.93,330,11/12/18
Key West,US,47.93,-96.78,36.9,35.6,37.94,,,86,1,13.87,200,11/14/18
Key West,US,47.93,-96.78,18.97,17.6,21.2,,,85,90,13.87,350,11/16/18
Key West,US,47.93,-96.78,1.13,-0.05,3.2,,,77,1,6.93,340,11/17/18
Kihei,US,20.76,-156.45,81.05,77,84.02,,,62,40,10.29,20,11/14/18
Kihei,US,20.76,-156.45,72.81,71.06,75.02,,,87,75,9.17,40,11/17/18
Kilgore,US,32.39,-94.88,51.1,50,52.16,,,36,1,6.96,223.003,11/15/18
King City,US,36.21,-121.13,46.94,46.94,46.94,,,41,1,4.7,71.0039,11/16/18
Kingman,US,35.19,-114.05,62.55,51.98,69.8,,,18,1,8.05,50,11/14/18
Kingman,US,35.19,-114.05,65.17,60.08,68,,,17,1,8.05,340,11/15/18
Kingman,US,35.19,-114.05,47.16,39.02,51.98,,,27,1,2.64,126.008,11/17/18
Kingsland,US,30.8,-81.69,55.72,51.8,59,,,78,90,17.22,290,11/15/18
Kingsland,US,30.8,-81.69,42.55,33.8,48.92,,,87,1,5.82,330,11/17/18
Kingsville,US,39.45,-76.42,38.44,33.98,44.06,,,42,80,3.27,34.5016,11/14/18
Kingsville,US,39.45,-76.42,31.69,28.04,33.8,,,88,92,10.76,65.5025,11/15/18
Kingsville,US,39.45,-76.42,40.55,37.4,44.06,,,70,75,3.36,250,11/17/18
Kirksville,US,40.19,-92.58,25.45,24.8,26.06,,,68,90,14.99,320,11/12/18
Kirksville,US,40.19,-92.58,38.26,37.04,39.2,,,51,1,6.93,210,11/15/18
Kirksville,US,40.19,-92.58,33.89,33.8,33.98,,,77,75,10.29,290,11/16/18
Klamath Falls,US,42.22,-121.78,53.96,53.96,53.96,,,14,1,3.65,92.0015,11/12/18
Kodiak,US,39.95,-94.76,26.96,26.96,26.96,,,68,90,18.34,350,11/12/18
Kodiak,US,39.95,-94.76,32,32,32,,,53,1,8.05,130,11/14/18
Kodiak,US,39.95,-94.76,44.06,44.06,44.06,,,44,1,13.87,200,11/15/18
Kodiak,US,39.95,-94.76,28.04,28.04,28.04,,,100,1,3.58,267.504,11/16/18
Kodiak,US,39.95,-94.76,35.96,35.96,35.96,,,96,20,3.36,350,11/17/18
Kyle,US,29.99,-97.88,44.19,41,47.12,,,54,1,6.29,97.5016,11/14/18
La Crosse,US,43.8,-91.24,24.91,20.84,28.4,,,77,90,5.82,340,11/17/18
La Grande,US,45.32,-118.09,29.01,28.04,30.92,,,96,90,2.19,162.008,11/17/18
LaBelle,US,26.76,-81.44,76.37,73.94,80.06,,,93,75,5.82,80,11/14/18
LaBelle,US,26.76,-81.44,77.02,75.92,78.08,,,64,40,9.17,310,11/15/18
LaBelle,US,26.76,-81.44,51.28,48.92,53.06,,,80,1,6.93,20,11/17/18
Lady Lake,US,28.92,-81.92,82.63,80.6,84.92,,,69,40,3.36,260,11/12/18
Lahaina,US,20.87,-156.68,72.75,69.98,75.02,,,87,1,14.99,50,11/16/18
Lake Charles,US,30.23,-93.22,41.59,38.84,46.04,,,49,1,9.17,320,11/14/18
Lake City,US,38.03,-107.32,24.35,24.08,24.8,,,35,75,9.17,280,11/12/18
Lake City,US,38.03,-107.32,32.09,28.94,35.6,,,40,1,1.81,318.502,11/14/18
Lake City,US,38.03,-107.32,19.72,12.92,30.2,,,42,1,6.93,140,11/16/18
Lake Havasu City,US,34.47,-114.34,67.32,66.2,68,,,10,1,26.4,310,11/12/18
Lake Havasu City,US,34.47,-114.34,66.36,64.94,68,,,10,1,3.36,330,11/14/18
Lake Havasu City,US,34.47,-114.34,63.23,59,66.92,,,21,1,4.7,250,11/15/18
Lake Havasu City,US,34.47,-114.34,51.26,50,51.98,,,23,1,2.42,20.0075,11/17/18
Lakeside,US,32.86,-116.92,69.49,66.02,73.4,,,6,5,11.41,60,11/14/18
Lamar,US,38.09,-102.62,30.92,30.92,30.92,,,60,75,13.87,350,11/12/18
Lamar,US,38.09,-102.62,35.06,35.06,35.06,,,78,1,10.29,200,11/14/18
Lamar,US,38.09,-102.62,53.96,53.96,53.96,,,39,1,9.17,270,11/15/18
Lamar,US,38.09,-102.62,23,23,23,,,91,1,16.67,185.504,11/16/18
Lamesa,US,32.74,-101.95,30.38,30.38,30.38,,,79,1,6.93,300,11/16/18
Lamesa,US,32.74,-101.95,28.22,28.22,28.22,,,84,1,7.45,211.508,11/17/18
Lancaster,US,40.04,-76.31,28.17,26.06,30.2,,,100,90,8.05,60,11/15/18
Lander,US,42.83,-108.73,28.17,26.06,30.02,,,54,1,3.36,120,11/12/18
LaPlace,US,30.07,-90.48,66.18,60.8,78.08,,,96,90,5.82,340,11/12/18
Laramie,US,41.31,-105.59,49.46,46.04,51.08,,,30,1,16.11,250,11/15/18
Laramie,US,41.31,-105.59,40.41,35.06,43.16,,,43,1,17.22,230,11/16/18
Las Vegas,US,36.17,-115.15,61.66,59,64.04,,,15,1,3.36,10,11/14/18
Las Vegas,US,36.17,-115.15,41.94,34.34,48.02,,,41,90,3.13,343.504,11/16/18
Laurel,US,45.67,-108.77,48.02,48.02,48.02,,,45,90,10.29,290,11/16/18
Laurel,US,45.67,-108.77,12.02,12.02,12.02,,,87,75,4.7,10,11/17/18
Laurens,US,34.5,-82.02,41.86,41,44.06,,,86,90,6.93,20,11/15/18
Laurinburg,US,34.77,-79.46,46.51,44.06,50,,,92,90,12.75,70,11/12/18
Laurinburg,US,34.77,-79.46,43.99,41,48.02,,,100,90,14.99,300,11/15/18
Laurinburg,US,34.77,-79.46,33.46,28.04,39.2,,,100,1,4.99,19.5075,11/17/18
Lawrence,US,38.97,-95.24,33.75,28.94,37.94,,,92,1,3.36,310,11/17/18
Lawrenceburg,US,35.24,-87.33,29.64,28.04,32,,,92,1,3.36,180,11/16/18
Lebanon,US,43.64,-72.25,40.39,37.94,42.98,,,56,1,4.7,170,11/12/18
Lebanon,US,43.64,-72.25,16.34,12.92,19.04,,,56,1,5.82,320,11/14/18
Lebanon,US,43.64,-72.25,24.06,17.96,26.96,,,49,1,2.93,135.003,11/15/18
Lebanon,US,43.64,-72.25,26.42,21.02,30.92,,,84,90,6.93,340,11/16/18
Lemoore,US,36.3,-119.78,53.65,53.06,53.96,,,41,75,6.93,,11/15/18
Leon,US,40.74,-93.75,34.21,30.92,36.68,,,86,90,10.29,300,11/16/18
Leon Valley,US,29.5,-98.62,48.42,42.8,51.98,,,75,90,24.16,360,11/12/18
Leon Valley,US,29.5,-98.62,42.94,40.64,44.24,,,88,40,4.7,300,11/17/18
Levelland,US,33.59,-102.38,32,32,32,,,74,20,9.17,290,11/17/18
Lewiston,US,46.42,-117.02,41.61,41,42.08,,,52,1,6.93,140,11/12/18
Lewiston,US,46.42,-117.02,47.53,46.94,48.02,,,65,1,3.36,350,11/15/18
Lewiston,US,46.42,-117.02,42.51,42.08,42.98,,,79,90,2.46,319.004,11/16/18
Lewistown,US,40.39,-90.15,27.79,26.06,28.94,,,88,90,12.75,340,11/12/18
Lewistown,US,40.39,-90.15,26.76,24.08,28.04,,,78,1,8.05,70,11/14/18
Lewistown,US,40.39,-90.15,30.34,29.3,31.64,,,81,90,4.94,293.503,11/15/18
Lexington,US,38.05,-84.5,31.64,30.92,32,,,78,90,16.11,50,11/14/18
Lexington,US,38.05,-84.5,35.65,32,37.94,,,92,90,2.86,100.508,11/17/18
Lexington Park,US,38.26,-76.45,39.85,35.6,44.06,,,92,90,16.11,40,11/15/18
Lexington-Fayette,US,38.05,-84.46,36.54,35.6,37.04,,,85,90,11.41,260,11/15/18
Liberal,US,37.04,-100.92,38.48,37.76,39.92,,,73,1,10.29,200,11/14/18
Lively,US,33.6,-99.18,36.15,36.15,36.15,1043.91,998.54,80,88,26.13,7.50146,11/12/18
Lively,US,33.6,-99.18,56.77,56.77,56.77,1035.09,991.4,55,0,9.86,236.503,11/15/18
Lively,US,33.6,-99.18,40.77,40.77,40.77,1035.05,990.23,60,0,4.59,245.504,11/16/18
Lively,US,33.6,-99.18,40.92,40.92,40.92,1031.93,987.22,67,0,9.8,210.008,11/17/18
Livingston,US,32.58,-88.19,31.5,30.92,32,,,92,75,3.58,190.004,11/16/18
Lock Haven,US,41.14,-77.45,43.14,41,44.06,,,56,90,3.31,162.001,11/12/18
Lock Haven,US,41.14,-77.45,36.27,33.8,37.94,,,75,90,8.05,280,11/17/18
Logansport,US,40.75,-86.36,37.96,37.4,39.02,,,76,90,6.93,360,11/12/18
Logansport,US,40.75,-86.36,32.77,32,33.8,,,94,90,3.36,100,11/15/18
Logansport,US,40.75,-86.36,31.8,30.2,33.8,,,99,90,11.41,240,11/16/18
Lompoc,US,34.64,-120.46,74.73,70.34,77,,,11,1,10.29,230,11/12/18
Lompoc,US,34.64,-120.46,64.15,58.64,68,,,64,1,8.05,270,11/14/18
Lompoc,US,34.64,-120.46,68.02,62.6,70.52,,,19,1,4.7,,11/15/18
Lompoc,US,34.64,-120.46,45.21,42.08,49.28,,,56,1,1.45,278.004,11/16/18
Lompoc,US,34.64,-120.46,50.04,48.2,51.8,,,100,90,3.36,130,11/17/18
Long Beach,US,30.35,-89.15,35.58,33.98,37.58,,,96,1,3.24,80.5039,11/16/18
Longmont,US,40.17,-105.1,35.22,27.5,42.08,,,78,1,3.36,280,11/16/18
Los Alamos,US,35.88,-106.3,38.26,37.04,39.92,,,50,75,2.26,346.002,11/14/18
Los Alamos,US,35.88,-106.3,31.98,28.94,37.4,,,41,1,2.42,3.50751,11/17/18
Los Altos Hills,US,37.38,-122.14,52.29,48.02,55.94,,,48,1,4.38,37.5025,11/15/18
Los Lunas,US,34.81,-106.76,39.7,33.8,46.04,,,28,40,3.36,150,11/14/18
Loveland,US,40.4,-105.08,29.86,26.06,33.8,,,50,1,5.14,155.001,11/12/18
Lubbock,US,33.58,-101.86,41.94,39.2,44.96,,,53,20,4.7,80,11/14/18
Lubbock,US,33.58,-101.86,56.25,55.4,57.02,,,37,1,11.41,250,11/15/18
Lufkin,US,31.34,-94.73,52.9,51.98,53.6,,,40,1,6.93,230,11/15/18
Lufkin,US,31.34,-94.73,33.51,30.92,35.6,,,100,1,3.36,100,11/16/18
Macon,US,32.84,-83.63,37.56,33.8,42.8,,,100,1,3.36,300,11/17/18
Madera,US,36.96,-120.06,53.74,51.98,55.94,,,38,1,3.36,110,11/15/18
Madera,US,36.96,-120.06,38.43,32,42.8,,,75,90,1.12,125.004,11/16/18
Madison,US,43.07,-89.38,24.78,23.36,26.42,,,57,90,10.29,330,11/12/18
Madison,US,43.07,-89.38,28.54,25.7,32,,,92,90,5.82,340,11/17/18
Madison Heights,US,42.49,-83.11,27.79,26.06,29.66,,,48,1,2.82,97.0016,11/14/18
Magalia,US,39.81,-121.58,36.63,35.6,37.04,,,55,90,3.58,353.004,11/16/18
Magalia,US,39.81,-121.58,37.87,35.6,42.08,,,59,90,3.36,340,11/17/18
Magnolia,US,33.27,-93.24,34.97,32,39.92,,,83,1,2.46,205.004,11/16/18
Mandan,US,46.83,-100.89,19.31,17.6,21.02,,,61,90,3.36,280,11/12/18
Mandan,US,46.83,-100.89,28.27,26.6,30.02,,,92,90,9.17,160,11/16/18
Mandan,US,46.83,-100.89,2.84,-0.41,5,,,91,1,5.82,330,11/17/18
Manhattan,US,39.18,-96.57,24.8,24.62,24.98,,,92,1,2.8,211.504,11/16/18
Marana,US,32.44,-111.22,59.38,57.2,60.8,,,20,1,5.82,110,11/14/18
Marana,US,32.44,-111.22,40.37,37.4,42.62,,,51,1,8.05,110,11/16/18
Marietta,US,33.95,-84.55,31.87,30.02,33.98,,,82,1,5.14,313.504,11/16/18
Marinette,US,45.1,-87.63,29.53,28.94,30.02,,,55,90,8.05,340,11/12/18
Marion,US,38.35,-97.02,25.59,24.98,26.06,,,74,90,20.8,360,11/12/18
Marquette,US,46.54,-87.4,26.92,23,28.94,,,79,90,10.29,310,11/12/18
Marquette,US,46.54,-87.4,21.58,21.2,21.92,,,73,5,11.41,180,11/14/18
Marquette,US,46.54,-87.4,34.11,32,35.96,,,87,5,24.16,200,11/15/18
Marquette,US,46.54,-87.4,24.66,15.8,28.94,,,92,20,8.05,320,11/17/18
Marshall,US,39.39,-87.69,32.04,30.02,33.08,,,94,90,4.72,312.503,11/15/18
Marshall,US,39.39,-87.69,29.68,28.04,31.1,,,84,75,10.29,250,11/16/18
Marshall,US,39.39,-87.69,32.04,30.92,33.98,,,90,90,6.93,120,11/17/18
Marshfield,US,42.09,-70.71,32.45,28.04,37.04,,,100,1,3.36,,11/15/18
Maryville,US,40.35,-94.87,27.09,26.6,28.04,,,58,90,14.99,10,11/12/18
Maryville,US,40.35,-94.87,29.89,28.4,32,,,58,1,4.7,190,11/14/18
Maryville,US,40.35,-94.87,28.99,28.04,30.92,,,92,1,5.82,220,11/16/18
Maryville,US,40.35,-94.87,34.72,33.8,35.96,,,78,90,17.22,30,11/17/18
Mason City,US,43.15,-93.2,22.08,17.6,26.6,,,92,90,18.34,10,11/17/18
Mastic Beach,US,40.77,-72.85,47.1,45.68,48.02,,,67,1,8.34,202.501,11/12/18
Mastic Beach,US,40.77,-72.85,32.32,31.1,33.08,,,42,1,8.05,360,11/14/18
Mastic Beach,US,40.77,-72.85,33.55,32,35.06,,,63,90,3.36,,11/15/18
Mastic Beach,US,40.77,-72.85,39.24,37.04,42.62,,,92,90,16.11,350,11/16/18
Mastic Beach,US,40.77,-72.85,38.86,35.96,42.08,,,80,75,4.7,230,11/17/18
Matamoros,US,25.87,-97.51,46.08,44.06,48.2,,,49,5,4.7,60,11/14/18
Matamoros,US,25.87,-97.51,65.34,64.4,66.02,,,37,1,5.82,,11/15/18
Matamoros,US,25.87,-97.51,62.08,59,64.4,,,93,75,3.53,105.008,11/17/18
Maumee,US,41.56,-83.65,39.63,37.94,41.36,,,64,90,3.36,340,11/12/18
Maumee,US,41.56,-83.65,33.57,30.92,35.06,,,88,90,4.7,120,11/15/18
Meadville,US,41.64,-80.15,27.03,24.98,30.02,,,74,1,4.7,40,11/14/18
Medway,US,42.14,-71.4,28.63,24.08,33.98,,,31,1,10.29,360,11/14/18
Memphis,US,35.15,-90.05,42.46,41,42.98,,,96,90,14.99,360,11/12/18
Mendota,US,36.75,-120.38,62.33,57.92,66.2,,,39,1,4.7,270,11/14/18
Menomonie,US,44.88,-91.92,18.64,16.7,21.2,,,55,90,10.29,300,11/12/18
Menomonie,US,44.88,-91.92,31.33,25.34,35.6,,,75,1,6.93,120,11/14/18
Meridian,US,32.36,-88.7,54.46,53.96,55.04,,,86,90,3.91,73.0015,11/12/18
Meridian,US,32.36,-88.7,33.98,33.98,33.98,,,88,1,2.64,230.008,11/17/18
Merrill,US,42.03,-121.6,53.96,53.96,53.96,,,14,1,3.65,92.0015,11/12/18
Merrill,US,42.03,-121.6,46.94,46.94,46.94,,,22,1,2.48,325.002,11/14/18
Merrill,US,42.03,-121.6,19.04,19.04,19.04,,,84,1,2.35,67.5039,11/16/18
Merrill,US,42.03,-121.6,35.06,35.06,35.06,,,88,1,6.93,350,11/17/18
Merritt Island,US,28.54,-80.67,81.05,77,84.02,,,85,40,5.82,150,11/12/18
Merritt Island,US,28.54,-80.67,51.96,48.2,58.1,,,83,1,9.17,320,11/17/18
Micco,US,27.85,-80.5,81.57,79.16,82.94,,,72,40,14.99,140,11/12/18
Michigan City,US,41.71,-86.9,29.26,28.4,30.02,,,71,1,8.43,112.001,11/14/18
Michigan City,US,41.71,-86.9,32.14,30.02,33.8,,,77,90,4.7,90,11/15/18
Middlebury,US,44.01,-73.17,36.81,33.98,39.02,,,69,90,5.82,290,11/17/18
Middletown,US,41.45,-74.42,29.73,28.4,32,,,48,1,10.29,350,11/14/18
Middletown,US,41.55,-71.29,38.55,35.96,39.92,,,100,75,12.75,250,11/17/18
Midland,US,32,-102.08,46.85,42.44,49.1,,,46,0,3.36,180,11/14/18
Midland,US,32,-102.08,61,60.08,62.06,,,32,20,5.82,210,11/15/18
Midland,US,32,-102.08,39.13,33.98,41.18,,,75,1,3.36,310,11/17/18
Miles City,US,46.41,-105.84,32,32,32,,,55,1,8.05,250,11/12/18
Miles City,US,46.41,-105.84,46.94,46.94,46.94,,,38,1,11.41,270,11/14/18
Miles City,US,46.41,-105.84,48.92,48.92,48.92,,,42,1,14.99,300,11/15/18
Miles City,US,46.41,-105.84,33.98,33.98,33.98,,,81,90,6.93,280,11/16/18
Miles City,US,46.41,-105.84,10.04,10.04,10.04,,,79,90,6.93,300,11/17/18
Mill Valley,US,37.91,-122.55,59.16,55.94,62.96,,,33,1,2.73,37.5013,11/14/18
Milledgeville,US,33.08,-83.23,49.08,46.4,50.72,,,93,90,6.93,70,11/14/18
Millinocket,US,45.66,-68.71,19.36,19.04,19.94,,,84,90,8.05,20,11/16/18
Minden,US,38.95,-119.77,40.53,35.6,46.04,,,21,1,2.59,90.5025,11/15/18
Minot,US,48.23,-101.3,41.43,39.38,44.06,,,57,1,14.99,240,11/14/18
Minot,US,48.23,-101.3,36.18,35.6,37.04,,,88,90,13.87,300,11/15/18
Minot,US,48.23,-101.3,3.52,1.94,6.08,,,79,40,6.93,230,11/17/18
Mint Hill,US,38.55,-91.75,29.62,28.04,32,,,58,75,3.36,330,11/14/18
Mission Bend,US,29.69,-95.67,49.86,45.5,55.4,,,89,20,3.36,100,11/17/18
Missoula,US,46.87,-114,33.08,33.08,33.08,,,81,90,3.36,350,11/14/18
Missoula,US,46.87,-114,39.92,39.92,39.92,,,89,90,1.9,256.004,11/16/18
Missoula,US,46.87,-114,26.06,26.06,26.06,,,59,90,10.29,100,11/17/18
Mitchell,US,43.71,-98.03,23,23,23,,,49,1,12.75,330,11/12/18
Mitchell,US,43.71,-98.03,42.08,42.08,42.08,,,62,1,12.75,160,11/14/18
Mitchell,US,43.71,-98.03,57.02,57.02,57.02,,,38,1,24.16,290,11/15/18
Mitchell,US,43.71,-98.03,30.02,30.02,30.02,,,88,90,5.82,50,11/16/18
Monroe,US,41.91,-83.4,40.06,37.94,42.08,,,75,90,5.77,254.001,11/12/18
Monroe,US,41.91,-83.4,28.27,26.96,28.94,,,76,1,4.7,40,11/14/18
Monroe,US,41.91,-83.4,34.88,31.82,37.04,,,97,40,8.68,251.008,11/17/18
Monterey,US,36.6,-121.89,73.17,68,75.92,,,15,1,1.86,100.001,11/12/18
Monterey,US,36.6,-121.89,62.17,60.98,62.96,,,53,1,2.71,27.0016,11/14/18
Monterey,US,36.6,-121.89,43.83,39.2,46.94,,,51,1,5.14,100.504,11/16/18
Montgomery,US,32.37,-86.3,31.17,30.02,33.08,,,95,1,4.14,250.504,11/16/18
Monticello,US,45.31,-93.79,19.94,17.96,21.92,,,55,90,10.29,290,11/12/18
Monticello,US,45.31,-93.79,27.5,26.06,28.94,,,84,90,6.93,300,11/16/18
Moore,US,35.34,-97.49,34.77,32.36,37.04,,,90,1,4.7,350,11/16/18
Moorhead,US,46.87,-96.75,37.4,35.06,41,,,80,75,16.11,330,11/15/18
Morgan City,US,29.7,-91.21,63.34,60.98,66.2,,,100,90,7.16,257.501,11/12/18
Morgan City,US,29.7,-91.21,35.74,35.6,35.96,,,100,1,4.03,134.504,11/16/18
Morgan City,US,29.7,-91.21,39.2,39.2,39.2,,,93,90,3.53,91.5075,11/17/18
Morgantown,US,39.63,-79.96,29.25,24.8,30.92,,,100,90,8.05,250,11/16/18
Morgantown,US,39.63,-79.96,35.53,33.98,37.94,,,88,90,3.65,259.008,11/17/18
Morristown,US,36.21,-83.29,39.2,39.2,39.2,,,95,90,4.7,250,11/14/18
Morro Bay,US,35.37,-120.85,65.61,64.04,66.92,,,28,1,2.48,30.0016,11/14/18
Morro Bay,US,35.37,-120.85,61.77,48.92,69.98,,,16,1,3.94,55.5025,11/15/18
Morro Bay,US,35.37,-120.85,42.84,37.04,48.02,,,55,1,5.03,76.5039,11/16/18
Moses Lake,US,47.13,-119.28,36.48,35.96,37.04,,,72,1,5.39,4.00253,11/15/18
Moss Point,US,30.41,-88.53,40.37,39.02,42.08,,,85,90,10.29,310,11/14/18
Mount Clemens,US,42.6,-82.88,40.71,39.2,42.08,,,49,90,3.36,220,11/12/18
Mount Clemens,US,42.6,-82.88,27.93,26.06,29.66,,,48,1,3.15,58.5016,11/14/18
Mount Holly,US,39.99,-74.79,47.43,44.96,48.92,,,53,1,4.03,163.001,11/12/18
Mount Juliet,US,36.2,-86.52,47.53,46.4,48.2,,,89,90,11.41,10,11/12/18
Mount Pleasant,US,33.16,-94.97,42.22,41,43.34,,,89,90,17.22,340,11/12/18
Mount Pleasant,US,33.16,-94.97,35.58,32,37.58,,,47,1,4.7,280,11/14/18
Mount Pleasant,US,33.16,-94.97,54.1,52.88,56.12,,,35,1,4.7,190,11/15/18
Mount Pleasant,US,33.16,-94.97,39.25,35.06,42.8,,,92,1,3.36,150,11/16/18
Mount Pleasant,US,33.16,-94.97,42.49,39.02,47.3,,,88,1,6.11,183.508,11/17/18
Mountain Home,US,43.13,-115.69,43.93,42.44,44.96,,,29,1,9.17,120,11/12/18
Mountain Home,US,43.13,-115.69,26.69,21.92,30.02,,,78,1,4.7,70,11/16/18
Mountain Home,US,43.13,-115.69,37.9,35.96,41,,,100,90,5.88,298.508,11/17/18
Muncie,US,40.19,-85.39,34.09,33.08,35.96,,,88,90,2.86,168.008,11/17/18
Murphy,US,33.02,-96.61,39.69,35.42,44.6,,,92,1,4.7,160,11/16/18
Murray,US,40.67,-111.89,39.9,39.02,41,,,45,1,1.7,83.0016,11/14/18
Muskegon,US,43.23,-86.25,35.29,33.8,35.96,,,93,90,4.7,240,11/16/18
Muskogee,US,35.75,-95.37,28.87,23,35.06,,,73,1,3.15,0.501648,11/14/18
Muskogee,US,35.75,-95.37,31.3,28.4,33.8,,,88,1,4.14,71.5039,11/16/18
Nacogdoches,US,31.6,-94.66,36.07,33.98,37.4,,,81,0,3.15,309.002,11/14/18
Nampa,US,43.57,-116.56,45.07,44.06,46.4,,,24,1,3.42,186.501,11/12/18
Nanakuli,US,21.39,-158.15,74.32,69.8,77,,,94,75,3.36,300,11/16/18
Nanticoke,US,41.21,-76,25.34,23,28.04,,,57,1,8.05,10,11/14/18
Nanticoke,US,41.21,-76,28.4,28.04,28.94,,,92,90,13.87,280,11/16/18
Nanticoke,US,41.21,-76,33.67,32,35.06,,,95,90,11.41,280,11/17/18
Nantucket,US,41.28,-70.1,44.65,41,46.04,,,65,1,4.7,200,11/12/18
Nantucket,US,41.28,-70.1,31.71,28.4,33.08,,,29,1,23.04,320,11/14/18
Nantucket,US,41.28,-70.1,36.36,33.8,37.94,,,50,40,9.17,70,11/15/18
Nantucket,US,41.28,-70.1,50.81,48.2,53.06,,,96,90,19.46,190,11/16/18
Nantucket,US,41.28,-70.1,40.24,37.94,42.98,,,100,75,12.75,250,11/17/18
Napoleon,US,46.5,-99.77,39.2,39.2,39.2,,,60,24,5.82,220,11/14/18
Natchez,US,31.56,-91.4,30.92,30.92,30.92,,,92,1,6.17,3.00165,11/14/18
Natchitoches,US,31.76,-93.09,51.87,47.3,53.96,,,94,90,14.99,340,11/12/18
Natchitoches,US,31.76,-93.09,36.37,34.7,39.02,,,100,1,4.36,193.504,11/16/18
Natchitoches,US,31.76,-93.09,38.95,37.4,39.92,,,100,1,4.09,172.508,11/17/18
Neenah,US,44.19,-88.46,27.16,26.06,28.94,,,45,90,11.41,300,11/12/18
New Albany,US,38.29,-85.82,42.93,40.64,46.04,,,97,90,5.82,20,11/12/18
New Bern,US,35.11,-77.04,44.26,42.8,46.04,,,70,1,5.82,300,11/16/18
New Bern,US,35.11,-77.04,37.11,32,44.06,,,100,1,6.67,342.508,11/17/18
New Brighton,US,45.06,-93.21,22.08,21.2,23,,,67,90,13.87,350,11/17/18
New Castle,US,41,-80.35,39.25,35.96,42.08,,,55,90,3.36,140,11/12/18
New Philadelphia,US,40.49,-81.45,33.53,32,35.06,,,88,90,4.7,140,11/15/18
Newberry,US,46.35,-85.51,34.32,33.62,34.88,,,67,40,14.99,160,11/15/18
Nome,US,30.04,-94.42,37.71,33.98,40.1,,,91,1,2.68,149.004,11/16/18
Norfolk,US,36.85,-76.29,52.52,50,55.94,,,93,90,5.82,116.501,11/12/18
Norfolk,US,36.85,-76.29,43.65,40.1,46.94,,,58,40,6.93,20,11/14/18
Norfolk,US,36.85,-76.29,54.84,50,60.98,,,93,90,17.22,80,11/15/18
Normal,US,40.51,-88.99,32.31,30.92,33.08,,,98,1,3.36,80,11/17/18
Norman,US,35.22,-97.44,39.94,35.96,42.98,,,75,1,6.93,170,11/17/18
North Bend,US,43.41,-124.22,64.94,64.94,64.94,,,26,1,2.8,111.001,11/12/18
North Bend,US,43.41,-124.22,53.96,53.96,53.96,,,86,90,2.71,54.0016,11/14/18
North Bend,US,43.41,-124.22,51.08,51.08,51.08,,,89,1,5.82,310,11/15/18
North Bend,US,43.41,-124.22,41,41,41,,,100,1,4.7,150,11/16/18
North Bend,US,43.41,-124.22,42.8,42.8,42.8,,,100,75,3.36,10,11/17/18
North Myrtle Beach,US,33.83,-78.68,49.93,47.3,53.06,,,60,90,18.34,30,11/14/18
North Myrtle Beach,US,33.83,-78.68,53.91,46.4,69.8,,,96,90,12.75,300,11/15/18
North Myrtle Beach,US,33.83,-78.68,40.42,36.5,42.98,,,100,1,13.04,16.5075,11/17/18
North Platte,US,41.12,-100.77,32,32,32,,,37,1,12.75,350,11/12/18
North Platte,US,41.12,-100.77,46.04,46.04,46.04,,,51,1,5.82,200,11/14/18
North Platte,US,41.12,-100.77,60.08,60.08,60.08,,,25,1,19.46,10,11/15/18
North Platte,US,41.12,-100.77,24.08,24.08,24.08,,,87,90,16.11,50,11/17/18
North Vernon,US,39.01,-85.62,33.89,33.8,33.98,,,88,90,5.82,190,11/15/18
Northglenn,US,39.91,-104.99,33.42,32,36.5,,,94,90,3.65,138.008,11/17/18
Norway,US,45.79,-87.9,23,23,23,,,77,75,9.17,330,11/17/18
Nuevo Laredo,US,27.49,-99.5,36.86,33.26,41,,,70,1,3.36,90,11/16/18
Nuevo Progreso,US,26.05,-97.95,62.37,60.08,64.94,,,75,90,20.8,360,11/12/18
Nuevo Progreso,US,26.05,-97.95,47.89,44.06,51.08,,,55,1,3.6,9.50165,11/14/18
Nuevo Progreso,US,26.05,-97.95,65.16,64.22,66.02,,,19,1,4.38,244.003,11/15/18
Nuevo Progreso,US,26.05,-97.95,60.17,54.5,64.4,,,86,90,3.53,105.008,11/17/18
Oak Harbor,US,41.51,-83.15,31.95,31.1,32.54,,,81,90,6.93,230,11/16/18
Oakdale,US,37.77,-120.85,59.83,55.04,62.96,,,41,90,4.7,310,11/14/18
Oakdale,US,44.96,-92.97,29.23,28.04,30.2,,,86,90,11.41,320,11/16/18
Oakdale,US,44.96,-92.97,22.26,21.2,23,,,72,90,6.93,350,11/17/18
Ocala,US,29.19,-82.14,40.78,37.04,46.94,,,93,1,5.55,359.508,11/17/18
Odessa,US,31.85,-102.37,35.44,35.06,36.14,,,61,90,20.8,20,11/12/18
Odessa,US,31.85,-102.37,61.29,60.08,62.06,,,32,12,5.82,210,11/15/18
Oil City,US,41.43,-79.71,32.67,32,33.08,,,88,90,10.29,230,11/17/18
Ojinaga,US,29.56,-104.41,55.05,55.05,55.05,1034.95,913.59,38,0,11.48,54.0015,11/12/18
Ojinaga,US,29.56,-104.41,26.55,26.55,26.55,1042.84,918.4,51,0,2.71,72.5016,11/14/18
Ojinaga,US,29.56,-104.41,53.62,53.62,53.62,1036.14,915.93,26,12,3.83,286.003,11/15/18
Ojinaga,US,29.56,-104.41,33.84,33.84,33.84,1037.64,914.03,36,0,1.57,169.004,11/16/18
Ojinaga,US,29.56,-104.41,30.07,30.07,30.07,1033.15,909.97,52,0,1.63,45.5075,11/17/18
Okmulgee,US,35.62,-95.96,53.35,51.98,56.84,,,32,1,10.29,200,11/15/18
Old Bridge,US,40.41,-74.3,39.76,37.94,42.08,,,71,40,5.82,270,11/17/18
Old Orchard Beach,US,43.52,-70.38,41.45,39.02,42.98,,,59,1,5.82,231.501,11/12/18
Omaha,US,41.26,-95.94,30.29,26.96,32,,,80,1,5.82,290,11/16/18
Onalaska,US,43.88,-91.23,39.34,37.94,41,,,40,1,14.99,170,11/15/18
Oneida,US,41.07,-90.23,32.49,30.92,33.08,,,96,90,9.17,50,11/17/18
Oneonta,US,42.45,-75.06,40.69,40.69,40.69,1040.43,981.11,53,76,3.8,200.001,11/12/18
Oneonta,US,42.45,-75.06,31.19,31.19,31.19,1020.62,961.37,73,0,3.02,307.004,11/16/18
Ontario,US,34.07,-117.65,71.44,68,75.2,,,16,20,3.36,280,11/15/18
Orange Cove,US,36.62,-119.31,39.65,35.96,42.8,,,75,90,2.24,331.004,11/16/18
Orchard Homes,US,46.86,-114.05,26.06,26.06,26.06,,,59,90,10.29,100,11/17/18
Oregon City,US,45.36,-122.61,43.02,37.94,50,,,92,1,6.44,77.5075,11/17/18
Ormond Beach,US,29.29,-81.06,77.65,75.2,82.04,,,100,75,6.93,120,11/12/18
Orono,US,44.97,-93.6,37.62,35.6,39.2,,,59,1,11.41,150,11/14/18
Oswego,US,37.17,-95.11,41.07,35.06,48.92,,,79,1,4.76,187.508,11/17/18
Oxnard,US,34.2,-119.18,50.04,48.02,51.98,,,68,1,4.7,70,11/17/18
Pacific Grove,US,36.62,-121.92,73.15,68,75.92,,,15,1,1.86,100.001,11/12/18
Pacific Grove,US,36.62,-121.92,62.17,60.98,62.96,,,53,1,2.71,27.0016,11/14/18
Pacific Grove,US,36.62,-121.92,56.84,53.6,60.08,,,38,1,3.71,86.5025,11/15/18
Pacific Grove,US,36.62,-121.92,43.84,39.2,46.94,,,51,1,5.14,100.504,11/16/18
Pacific Grove,US,36.62,-121.92,44.1,37.4,46.94,,,70,75,5.82,80,11/17/18
Pacifica,US,37.61,-122.49,59.14,55.94,62.6,,,26,1,10.29,360,11/14/18
Pacifica,US,37.61,-122.49,51.67,48.02,55.94,,,69,90,4.72,48.0025,11/15/18
Pacifica,US,37.61,-122.49,39.78,33.08,48.02,,,100,90,3.36,40,11/16/18
Pahrump,US,36.21,-115.98,39.27,34.34,44.96,,,30,1,3.36,110,11/16/18
Pahrump,US,36.21,-115.98,37.98,32.36,42.98,,,30,1,4.7,100,11/17/18
Painesville,US,41.72,-81.25,27.93,26.6,30.02,,,63,1,3.36,110,11/14/18
Painesville,US,41.72,-81.25,32.97,31.82,35.06,,,89,90,6.93,160,11/15/18
Palestine,US,31.76,-95.63,33.89,32,37.4,,,87,1,2.59,322.002,11/14/18
Palmer,US,61.6,-149.11,25.09,21.02,28.94,,,55,1,9.17,330,11/16/18
Pampa,US,35.54,-100.96,29.82,28.4,31.64,,,74,90,16.11,10,11/12/18
Pampa,US,35.54,-100.96,31.75,26.78,35.06,,,75,1,6.93,140,11/16/18
Pampa,US,35.54,-100.96,35.19,32.36,37.94,,,88,1,13.87,310,11/17/18
Panama City,US,30.16,-85.65,74.46,73.94,75.02,,,87,90,13.87,140,11/12/18
Panama City,US,30.16,-85.65,42.48,41,44.06,,,80,75,10.29,340,11/15/18
Parsons,US,37.34,-95.26,46.63,44.06,48.02,,,51,1,10.29,210,11/15/18
Pascagoula,US,30.37,-88.56,40.37,39.02,42.08,,,85,90,10.29,310,11/14/18
Pascagoula,US,30.37,-88.56,48.06,46.04,48.92,,,47,1,13.87,340,11/15/18
Pascagoula,US,30.37,-88.56,36.21,35.06,37.94,,,88,1,3.24,65.0039,11/16/18
Pasco,US,46.24,-119.1,44.58,39.02,48.92,,,75,1,2.59,338.502,11/14/18
Payette,US,44.08,-116.93,41.31,39.92,42.8,,,39,1,3.36,300,11/14/18
Payson,US,40.04,-111.73,38.25,37.94,38.48,,,30,1,5.82,250,11/12/18
Payson,US,40.04,-111.73,37.94,37.94,37.94,,,59,1,5.82,240,11/15/18
Payson,US,40.04,-111.73,26.55,24.08,28.76,,,80,1,1.34,116.004,11/16/18
Payson,US,40.04,-111.73,27.03,24.98,29.3,,,70,90,0.4,297.508,11/17/18
Pecos,US,31.42,-103.49,37.9,37.04,38.84,,,53,90,17.22,10,11/12/18
Pecos,US,31.42,-103.49,47.16,44.96,50.36,,,38,1,2.82,156.002,11/14/18
Pecos,US,31.42,-103.49,28.96,26.96,31.1,,,81,1,3.36,120,11/17/18
Pella,US,41.41,-92.92,25,23,26.96,,,59,90,13.87,340,11/12/18
Pendleton,US,34.65,-82.78,31.01,30.02,33.08,,,100,1,3.36,328.504,11/16/18
Peoria,US,40.69,-89.59,25.74,23,28.04,,,62,1,6.93,70,11/14/18
Peru,US,41.33,-89.13,25.66,24.08,28.22,,,62,1,4.7,60,11/14/18
Peru,US,41.33,-89.13,35.44,34.88,35.96,,,85,90,10.29,300,11/16/18
Petersburg,US,37.23,-77.4,32.36,26.96,37.04,,,88,1,2.53,328.008,11/17/18
Pierre,US,44.37,-100.35,26.06,26.06,26.06,,,54,1,10.29,270,11/12/18
Pierre,US,44.37,-100.35,35.96,35.96,35.96,,,75,1,6.93,190,11/14/18
Pierre,US,44.37,-100.35,28.94,28.94,28.94,,,96,75,10.29,120,11/16/18
Pierre,US,44.37,-100.35,15.98,15.98,15.98,,,80,90,14.99,10,11/17/18
Pineville,US,31.32,-92.43,36.79,33.08,37.94,,,78,1,4.7,80,11/14/18
Piney Green,US,35.09,-78.48,52.9,44.06,62.6,,,100,90,6.93,300,11/15/18
Pittsfield,US,39.61,-90.81,31.77,28.22,33.98,,,89,1,4.7,250,11/16/18
Placerville,US,38.73,-120.8,41.77,28.4,57.2,,,18,90,5.82,100,11/16/18
Plainview,US,34.18,-101.71,31.08,30.02,32,,,77,1,9.17,290,11/17/18
Platteville,US,42.73,-90.48,29.79,28.94,32,,,100,90,5.82,30,11/17/18
Plattsburgh,US,44.69,-73.46,21.58,17.06,24.98,,,59,1,6.93,,11/15/18
Plattsburgh,US,44.69,-73.46,23.9,21.92,26.96,,,96,90,3.36,31.5039,11/16/18
Pleasanton,US,37.66,-121.87,66.58,64.4,69.8,,,34,1,4.09,65.0015,11/12/18
Pleasanton,US,37.66,-121.87,41.45,35.06,44.96,,,56,1,1.74,151.008,11/17/18
Point Pleasant,US,40.08,-74.07,33.66,32.72,33.98,,,49,1,9.17,360,11/14/18
Point Pleasant,US,40.08,-74.07,34.27,30.02,37.94,,,93,90,8.05,70,11/15/18
Point Pleasant,US,40.08,-74.07,40.24,39.02,41,,,71,40,5.82,270,11/17/18
Polson,US,47.69,-114.16,37.49,37.49,37.49,1040.24,878.77,79,92,4.72,254.002,11/14/18
Polson,US,47.69,-114.16,38.68,38.68,38.68,1039.99,879.05,77,0,1.36,248.503,11/15/18
Ponca City,US,36.73,-97.07,28.53,26.96,30.02,,,71,90,26.4,360,11/12/18
Pooler,US,32.12,-81.25,48.42,45.5,50.72,,,79,90,13.87,290,11/15/18
Poplar Bluff,US,36.76,-90.39,39.72,39.02,41,,,75,90,13.87,10,11/12/18
Poplar Bluff,US,36.76,-90.39,29.8,28.94,30.2,,,88,90,12.75,10,11/14/18
Port Angeles,US,48.12,-123.43,37.81,32,46.04,,,95,1,5.82,220,11/17/18
Port Arthur,US,29.9,-93.93,54.75,52.7,57.2,,,83,90,18.34,340,11/12/18
Port Arthur,US,29.9,-93.93,43.3,37.94,59,,,100,1,2.68,149.004,11/16/18
Port Hueneme,US,34.15,-119.2,77.61,75.02,78.98,,,5,1,24.16,70,11/12/18
Port Hueneme,US,34.15,-119.2,67.64,64.94,73.94,,,39,20,8.05,280,11/14/18
Port Hueneme,US,34.15,-119.2,76.87,69.98,80.96,,,8,40,11.41,100,11/15/18
Port Hueneme,US,34.15,-119.2,49.03,46.04,51.98,,,58,1,5.82,20,11/16/18
Port Hueneme,US,34.15,-119.2,50.25,48.92,51.98,,,83,1,6.93,20,11/17/18
Port Huron,US,42.98,-82.44,40.86,40.64,41,,,60,90,8.46,231.001,11/12/18
Port Lavaca,US,28.61,-96.63,58.55,55.94,60.44,,,39,1,3.36,120,11/15/18
Port Townsend,US,48.12,-122.76,37.94,30.2,46.4,,,96,1,3.36,340,11/17/18
Port Washington,US,43.39,-87.88,24.85,21.92,26.96,,,85,1,6.85,154.502,11/14/18
Portage Lakes,US,41,-81.54,39.38,36.5,41,,,48,90,6.93,140,11/12/18
Portales,US,34.19,-103.33,57.51,56.3,59,,,30,1,12.75,250,11/15/18
Portales,US,34.19,-103.33,28.74,26.96,30.2,,,68,1,4.7,360,11/16/18
Portales,US,34.19,-103.33,40.33,39.02,41,,,47,1,16.11,340,11/17/18
Porterville,US,36.07,-119.02,58.87,55.04,60.98,,,34,0,5.82,310,11/14/18
Porterville,US,36.07,-119.02,55.53,53.06,60.08,,,31,12,0.36,18.5025,11/15/18
Porterville,US,36.07,-119.02,37.53,35.06,39.92,,,75,24,2.08,129.508,11/17/18
Post Falls,US,47.71,-116.95,37.08,33.62,39.92,,,67,20,10.29,240,11/14/18
Pottsville,US,40.69,-76.2,34.9,32,37.04,,,80,75,11.41,270,11/16/18
Prattville,US,32.46,-86.46,48.72,45.5,51.08,,,96,90,9.17,60,11/12/18
Price,US,39.6,-110.81,37.04,37.04,37.04,,,23,1,5.82,190,11/12/18
Price,US,39.6,-110.81,35.06,35.06,35.06,,,43,1,3.36,40,11/14/18
Price,US,39.6,-110.81,42.08,42.08,42.08,,,32,1,4.7,150,11/15/18
Price,US,39.6,-110.81,26.06,26.06,26.06,,,62,1,3.36,10,11/16/18
Price,US,39.6,-110.81,28.04,28.04,28.04,,,57,1,6.93,30,11/17/18
Princeton,US,41.37,-89.46,26.4,25.34,28.22,,,62,1,4.7,60,11/14/18
Puerto Palomas,US,31.78,-107.63,48.92,48.92,48.92,,,24,1,17.22,50,11/12/18
Puerto Palomas,US,31.78,-107.63,53.96,53.96,53.96,,,21,1,6.93,70,11/15/18
Pulaski,US,37.05,-80.78,34.02,32,38.66,,,100,90,3.94,101.003,11/15/18
Pullman,US,46.73,-117.17,30.74,26.06,33.98,,,92,1,2.75,23.5075,11/17/18
Putnam,US,41.92,-71.91,30.15,28.04,32,,,44,1,4.7,20,11/15/18
Quincy,US,30.59,-84.58,46.71,44.6,48.92,,,87,90,12.75,300,11/15/18
Racine,US,42.73,-87.78,33.73,32,35.96,,,78,75,12.75,280,11/16/18
Rancho Mirage,US,33.76,-116.42,39.97,23,51.08,,,49,1,1.9,344.004,11/16/18
Rancho Palos Verdes,US,33.75,-118.37,53.46,50,55.94,,,50,40,3.58,33.0039,11/16/18
Rancho Palos Verdes,US,33.75,-118.37,56.68,51.98,62.06,,,86,40,3.36,,11/17/18
Rapid City,US,44.08,-103.23,34.57,28.04,42.8,,,65,90,4.7,180,11/16/18
Rapid Valley,US,44.06,-103.15,27.95,24.08,30.2,,,48,1,5.82,170,11/12/18
Rapid Valley,US,44.06,-103.15,46.58,42.08,52.16,,,31,1,3.36,260,11/14/18
Rapid Valley,US,44.06,-103.15,49.96,46.04,53.06,,,34,1,24.16,330,11/15/18
Rapid Valley,US,44.06,-103.15,15.33,14,19.04,,,91,90,13.87,10,11/17/18
Raton,US,36.9,-104.44,36.46,35.96,37.04,,,59,1,3.36,290,11/14/18
Rawlins,US,41.79,-107.24,23.79,23,24.98,,,54,75,16.11,280,11/12/18
Rawlins,US,41.79,-107.24,38.61,37.94,39.2,,,43,1,12.75,250,11/14/18
Rawlins,US,41.79,-107.24,43.81,42.8,44.96,,,28,1,21.92,240,11/15/18
Raymond,US,43.04,-71.18,22.1,17.06,26.96,,,45,75,11.41,330,11/14/18
Raymondville,US,37.34,-91.83,33.89,30.92,37.04,,,86,1,5.82,140,11/17/18
Reading,US,40.34,-75.93,27.84,26.06,30.2,,,100,90,8.05,50,11/15/18
Red Bluff,US,40.18,-122.24,35.11,33.08,37.04,,,53,40,5.82,320,11/16/18
Red Bluff,US,40.18,-122.24,34.54,32,35.96,,,69,90,3.36,20,11/17/18
Red Wing,US,44.56,-92.53,20.37,17.6,21.92,,,41,75,9.17,330,11/12/18
Redlands,US,34.06,-117.19,72.19,68.36,75.02,,,9,5,5.82,150,11/14/18
Redmond,US,47.67,-122.12,57.18,51.98,60.98,,,38,40,3.36,290,11/12/18
Redmond,US,47.67,-122.12,51.17,48.92,53.06,,,96,90,2.57,167.504,11/16/18
Reidsville,US,36.35,-79.66,32.47,26.6,39.2,,,96,1,2.42,334.008,11/17/18
Rexburg,US,43.82,-111.79,32.83,28.04,35.96,,,30,1,5.82,,11/12/18
Rexburg,US,43.82,-111.79,26.44,19.94,33.08,,,74,75,4.92,186.504,11/16/18
Ridgecrest,US,35.62,-117.67,62.96,62.96,62.96,,,6,1,4.7,50,11/12/18
Ridgecrest,US,35.62,-117.67,37.04,37.04,37.04,,,25,1,1.57,108.004,11/16/18
Ridgecrest,US,35.62,-117.67,35.96,35.96,35.96,,,28,90,2.3,184.508,11/17/18
River Ridge,US,34.23,-85.22,30.47,26.96,33.8,,,77,1,3.58,273.004,11/16/18
Riverton,US,43.02,-108.38,37.49,33.8,39.92,,,45,1,3.36,160,11/14/18
Riverton,US,43.02,-108.38,41.9,37.4,46.94,,,31,1,10.29,240,11/15/18
Roanoke,US,37.27,-79.94,36.28,35.42,37.04,,,92,90,3.36,110,11/12/18
Roanoke Rapids,US,36.46,-77.65,40.03,37.22,41.9,,,75,1,13.87,260,11/16/18
Robstown,US,27.79,-97.67,61.92,57.92,64.94,,,36,1,6.93,200,11/15/18
Rochester,US,44.02,-92.46,20.62,17.6,24.8,,,85,90,5.82,320,11/17/18
Rock Island,US,41.51,-90.58,26.33,24.98,27.86,,,68,1,5.82,100,11/14/18
Rock Springs,US,41.59,-109.2,30.92,30.92,30.92,,,60,1,17.22,240,11/16/18
Rockland,US,42.13,-70.92,31.93,28.04,35.96,,,46,56,4.7,40,11/15/18
Rockledge,US,40.08,-75.09,46.22,42.8,48.92,,,48,1,4.03,163.001,11/12/18
Rogers,US,36.33,-94.12,29.57,28.4,30.92,,,60,90,4.7,350,11/14/18
Roseburg,US,43.22,-123.34,48.76,46.94,50,,,86,90,1.9,112.504,11/16/18
Roseburg,US,43.22,-123.34,46.04,46.04,46.04,,,92,90,4.7,360,11/17/18
Roswell,US,33.39,-104.52,32.63,30.02,35.6,,,43,1,2.19,259.008,11/17/18
Ruidoso,US,33.33,-105.67,37.42,23,43.52,,,73,75,13.87,90,11/12/18
Ruidoso,US,33.33,-105.67,31.95,28.94,35.6,,,29,1,2.13,221.504,11/16/18
Ruidoso,US,33.33,-105.67,33.03,32,35.6,,,29,1,3.76,249.008,11/17/18
Rupert,US,42.62,-113.68,40.35,37.04,44.06,,,39,1,2.71,199.502,11/14/18
Rupert,US,42.62,-113.68,42.78,42.08,44.06,,,42,1,3.36,20,11/15/18
Rupert,US,42.62,-113.68,27.28,23,32,,,77,1,4.03,196.004,11/16/18
Russellville,US,35.28,-93.13,42.08,42.08,42.08,,,67,90,16.11,10,11/12/18
Russellville,US,35.28,-93.13,33.08,33.08,33.08,,,71,90,2.93,6.00165,11/14/18
Russellville,US,35.28,-93.13,28.94,28.94,28.94,,,96,1,2.24,252.504,11/16/18
Ruston,US,32.52,-92.64,45.86,43.88,48.02,,,94,90,6.93,340,11/12/18
Ruston,US,32.52,-92.64,38.44,35.96,40.1,,,78,1,2.91,204.504,11/16/18
Rutland,US,43.61,-72.97,24.76,24.08,26.96,,,60,1,3.04,156.003,11/15/18
Safford,US,32.83,-109.71,48.92,48.92,48.92,,,28,1,5.82,90,11/14/18
Safford,US,32.83,-109.71,55.04,55.04,55.04,,,23,1,9.17,150,11/15/18
Safford,US,32.83,-109.71,32,32,32,,,51,1,4.7,90,11/17/18
Saint Joseph,US,39.77,-94.85,26.96,26.96,26.96,,,68,90,18.34,350,11/12/18
Saint Louis Park,US,44.95,-93.35,28.78,26.78,30.2,,,86,90,12.75,300,11/16/18
Saint Marys,US,41.43,-78.56,39.88,37.04,42.08,,,50,90,5.82,130,11/12/18
Saint Paul,US,44.95,-93.1,29.16,28.04,30.2,,,86,90,12.75,300,11/16/18
Saint Paul,US,44.95,-93.1,22.14,21.2,23,,,64,90,10.29,350,11/17/18
Saint Peter,US,44.32,-93.96,37,35.6,39.02,,,64,1,16.11,170,11/14/18
Saint Peter,US,44.32,-93.96,40.14,37.4,44.6,,,60,1,20.8,200,11/15/18
Salem,US,44.94,-123.03,55.96,55.04,57.02,,,35,1,9.17,340,11/12/18
Salem,US,44.94,-123.03,39.81,33.98,42.98,,,95,90,2.91,341.504,11/16/18
Salem,US,44.94,-123.03,41.77,35.6,46.94,,,85,1,6.44,36.0075,11/17/18
Salina,US,36.29,-95.15,31.21,30.2,32,,,86,90,12.75,360,11/12/18
Salina,US,36.29,-95.15,49.59,46.04,51.98,,,39,1,9.17,180,11/15/18
Salina,US,36.29,-95.15,42.37,35.6,48.02,,,70,1,6.93,160,11/17/18
Salinas,US,36.67,-121.66,62.15,60.98,62.96,,,42,1,5.82,340,11/14/18
San Angelo,US,31.46,-100.44,37.04,37.04,37.04,,,72,90,21.92,360,11/12/18
San Angelo,US,31.46,-100.44,46.04,46.04,46.04,,,49,1,2.93,51.0016,11/14/18
San Angelo,US,31.46,-100.44,33.98,33.98,33.98,,,75,1,8.05,200,11/16/18
Sandpoint,US,48.28,-116.55,37,35.6,37.94,,,93,75,3.36,50,11/16/18
Santa Barbara,US,34.42,-119.7,77.49,75.02,78.98,,,11,1,10.29,230,11/12/18
Santa Barbara,US,34.42,-119.7,47.32,42.8,51.08,,,56,1,0.89,342.004,11/16/18
Santa Barbara,US,34.42,-119.7,47.98,41,51.08,,,80,1,7.45,317.508,11/17/18
Santa Cruz,US,36.97,-122.03,61.88,60.08,62.96,,,17,1,2.17,3.50128,11/14/18
Santa Paula,US,34.35,-119.06,76.01,69.98,80.96,,,7,1,11.41,100,11/15/18
Santa Paula,US,34.35,-119.06,50.2,48.92,51.08,,,63,1,5.82,70,11/17/18
Sartell,US,45.62,-94.21,38.79,35.96,40.82,,,69,1,5.82,180,11/15/18
Satellite Beach,US,28.18,-80.59,74.75,72.86,75.92,,,76,20,9.17,290,11/15/18
Scottsbluff,US,41.87,-103.67,35.06,35.06,35.06,,,30,1,14.99,300,11/12/18
Scottsbluff,US,41.87,-103.67,46.72,44.06,48.92,,,46,1,9.17,310,11/14/18
Scottsbluff,US,41.87,-103.67,20.88,17.96,23,,,96,90,16.11,30,11/17/18
Scottsboro,US,34.67,-86.03,32.47,31.82,33.8,,,86,90,10.29,260,11/15/18
Scranton,US,41.41,-75.66,26.26,23,30.02,,,58,90,5.82,120,11/15/18
Seaside,US,45.99,-123.92,41.4,37.4,44.96,,,100,90,13.71,61.0075,11/17/18
Sebring,US,27.5,-81.44,74.28,73.4,75.2,,,94,40,8.05,100,11/14/18
Sedalia,US,38.7,-93.23,33.28,30.2,35.96,,,70,1,3.36,170,11/17/18
Selma,US,36.57,-119.61,68.81,68,69.98,,,19,1,3.58,211.001,11/12/18
Selma,US,36.57,-119.61,40.17,35.96,42.8,,,75,90,2.24,331.004,11/16/18
Selma,US,36.57,-119.61,40.12,37.04,42.8,,,70,90,0.63,37.5075,11/17/18
Seminole,US,32.72,-102.64,32.34,32,32.72,,,57,90,20.8,10,11/12/18
Seminole,US,32.72,-102.64,48.16,45.86,50,,,45,1,3.36,110,11/14/18
Seminole,US,32.72,-102.64,61.72,60.8,63.14,,,21,1,9.17,230,11/15/18
Seminole,US,32.72,-102.64,28.31,28.22,28.4,,,84,1,2.98,219.508,11/17/18
Shasta Lake,US,40.68,-122.36,33.01,28.4,37.04,,,68,1,2.46,2.50391,11/16/18
Shawnee,US,35.33,-96.93,28.72,28.04,30.2,,,86,90,17.22,360,11/12/18
Sheridan,US,39.65,-105.03,26.4,17.6,33.8,,,58,1,3.36,120,11/12/18
Sheridan,US,39.65,-105.03,35.24,27.5,42.08,,,82,1,4.7,210,11/16/18
Sheridan,US,39.65,-105.03,33.19,28.4,36.5,,,91,90,9.17,90,11/17/18
Show Low,US,34.25,-110.03,42.91,42.8,42.98,,,28,1,5.82,10,11/15/18
Show Low,US,34.25,-110.03,21.69,21.02,23,,,62,1,2.46,134.504,11/16/18
Show Low,US,34.25,-110.03,29.26,24.98,39.2,,,29,1,11.41,180,11/17/18
Shreveport,US,32.52,-93.77,49.64,48.92,50,,,37,1,6.93,270,11/15/18
Shreveport,US,32.52,-93.77,37.4,35.6,39.02,,,85,1,4.7,140,11/16/18
Sidney,US,47.72,-104.16,40.51,35.6,44.06,,,48,1,11.41,230,11/14/18
Sidney,US,47.72,-104.16,10.17,8.96,10.94,,,79,90,8.05,280,11/17/18
Sikeston,US,36.88,-89.59,31.28,26.96,35.6,,,88,1,6.93,240,11/16/18
Siloam Springs,US,36.19,-94.54,31.33,28.4,33.8,,,88,1,3.36,110,11/16/18
Siloam Springs,US,36.19,-94.54,44.51,41,48.02,,,80,1,5.82,160,11/17/18
Silver City,US,32.77,-108.28,39.38,39.38,39.38,,,36,1,4.7,110,11/14/18
Sioux City,US,42.5,-96.41,22.35,20.3,24.8,,,53,75,13.87,340,11/12/18
Sitka,US,37.17,-99.65,28.59,28.59,28.59,1049.83,971.22,76,64,21.36,1.50146,11/12/18
Sitka,US,37.17,-99.65,26.87,26.87,26.87,1041.7,963.39,69,0,6.96,174.002,11/14/18
Sitka,US,37.17,-99.65,57.67,57.67,57.67,1030.95,956.95,40,0,10.65,307.503,11/15/18
Sitka,US,37.17,-99.65,35.24,35.24,35.24,1036.5,960,68,0,5.37,120.004,11/16/18
Sitka,US,37.17,-99.65,34.35,34.35,34.35,1033.31,956.5,89,32,19.64,26.5075,11/17/18
Solana Beach,US,32.99,-117.27,73.29,66.92,78.08,,,8,20,8.05,240,11/15/18
Soldotna,US,60.48,-151.07,32.45,30.92,33.98,,,100,20,5.82,30,11/14/18
Somerset,US,37.09,-84.6,32.95,32,33.98,,,94,90,6.93,90,11/14/18
Somerset,US,37.09,-84.6,29.84,28.94,30.2,,,100,1,6.93,180,11/16/18
Sonoita,US,31.68,-110.66,59.02,54.14,64.22,,,11,1,10.29,30,11/12/18
Sonoita,US,31.68,-110.66,53.31,47.3,60.08,,,23,1,10.29,100,11/14/18
South Lake Tahoe,US,38.93,-119.98,50.85,48.2,51.98,,,14,1,13.87,80,11/12/18
South Lake Tahoe,US,38.93,-119.98,22.86,17.6,28.04,,,49,90,1.63,223.508,11/17/18
South Patrick Shores,US,28.2,-80.61,53.67,51.08,58.1,,,84,1,14.99,330,11/17/18
South Sioux City,US,42.47,-96.41,29.73,22.46,33.8,,,80,90,6.93,310,11/16/18
South Venice,US,27.05,-82.42,50.45,48.92,51.8,,,81,1,12.75,30,11/17/18
Spearfish,US,44.49,-103.86,30.2,30.2,30.2,,,39,1,14.99,300,11/12/18
Spencer,US,43.14,-95.14,44.37,41,46.4,,,49,1,11.41,260,11/15/18
Spokane,US,47.66,-117.42,29.25,28.04,30.02,,,78,1,9.35,33.5075,11/17/18
Spring Hill,US,28.46,-82.54,76.71,71.6,82.94,,,90,75,12.75,60,11/14/18
Spring Valley,US,41.11,-74.04,38.57,35.96,41,,,71,40,5.82,270,11/17/18
Springfield,US,37.22,-93.29,28.04,28.04,28.04,,,81,90,19.46,350,11/12/18
Springfield,US,37.22,-93.29,28.04,28.04,28.04,,,71,90,4.7,330,11/14/18
Springfield,US,37.22,-93.29,28.04,28.04,28.04,,,81,1,3.36,220,11/16/18
Springfield,US,37.22,-93.29,42.98,42.98,42.98,,,73,1,10.29,170,11/17/18
Starkville,US,33.45,-88.82,51.46,50,51.98,,,100,90,5.82,40,11/12/18
Statesville,US,35.78,-80.89,41.43,37.4,44.6,,,91,90,5.82,50,11/14/18
Steamboat Springs,US,40.48,-106.83,27.03,21.2,30.92,,,37,40,4.7,350,11/12/18
Steamboat Springs,US,40.48,-106.83,32.29,30.2,33.98,,,54,1,2.15,252.502,11/14/18
Steamboat Springs,US,40.48,-106.83,17.92,8.6,28.4,,,94,1,2.13,218.004,11/16/18
Stephenville,US,32.22,-98.2,37.78,36.14,39.56,,,84,90,21.92,350,11/12/18
Stephenville,US,32.22,-98.2,42.08,39.92,44.78,,,44,1,3.36,60,11/14/18
Stephenville,US,32.22,-98.2,63.81,62.06,65.3,,,27,1,9.17,250,11/15/18
Stephenville,US,32.22,-98.2,40.95,37.94,42.8,,,76,1,3.36,150,11/17/18
Sterling,US,39,-77.4,45.52,43.34,48.2,,,70,90,4.7,130,11/12/18
Sterling,US,39,-77.4,37.45,33.8,41,,,60,1,4.7,30,11/14/18
Sterling,US,39,-77.4,37.2,34.16,39.2,,,86,1,9.17,310,11/16/18
Sterling,US,39,-77.4,37.6,28.58,44.06,,,67,75,16.11,300,11/17/18
Storm Lake,US,42.64,-95.21,22.28,21.2,23.72,,,57,75,17.22,340,11/12/18
Storm Lake,US,42.64,-95.21,33.19,30.2,35.06,,,63,1,13.87,170,11/14/18
Streator,US,41.12,-88.84,35.78,34.88,37.58,,,96,90,17.22,280,11/16/18
Sturgeon Bay,US,44.83,-87.38,28.94,28.94,28.94,,,60,90,6.93,310,11/12/18
Sturgeon Bay,US,44.83,-87.38,24.06,23,24.98,,,80,1,5.82,170,11/14/18
Sturgis,US,44.41,-103.51,47.37,42.08,52.16,,,36,1,9.17,260,11/14/18
Sulphur,US,30.24,-93.38,41.63,38.84,46.04,,,68,1,3.36,330,11/14/18
Sulphur,US,30.24,-93.38,38.19,37.22,40.64,,,98,1,2.57,201.504,11/16/18
Sumter,US,33.92,-80.34,34.14,32,39.02,,,100,1,2.98,38.0075,11/17/18
Sunland Park,US,31.8,-106.58,47.79,45.32,49.64,,,28,1,3.15,67.5016,11/14/18
Sunrise Manor,US,36.21,-115.07,41.94,34.34,48.02,,,41,90,3.13,343.504,11/16/18
Superior,US,39.95,-105.17,53.13,26.6,60.26,,,24,1,4.7,130,11/15/18
Superior,US,39.95,-105.17,32.18,19.4,36.5,,,96,90,3.36,50,11/17/18
Susanville,US,40.42,-120.65,48.2,48.2,48.2,,,23,1,6.93,110,11/12/18
Susanville,US,40.42,-120.65,42.8,42.8,42.8,,,28,1,2.37,61.0016,11/14/18
Susanville,US,40.42,-120.65,23,23,23,,,57,1,3.36,270,11/16/18
Susanville,US,40.42,-120.65,21.2,21.2,21.2,,,62,1,1.3,3.50751,11/17/18
Swanzey,US,42.87,-72.28,27.81,26.96,28.94,,,48,1,4.7,230,11/15/18
Sweetwater,US,32.47,-100.41,44.89,41,50,,,59,1,14.99,190,11/17/18
Syracuse,US,43.05,-76.15,26.91,24.98,28.4,,,71,90,11.41,80,11/15/18
Syracuse,US,43.05,-76.15,27.72,26.06,28.94,,,95,90,3.36,140,11/16/18
Tahlequah,US,35.92,-94.97,50.29,46.04,51.98,,,37,1,6.93,170,11/15/18
Tallahassee,US,30.44,-84.28,35.92,35.06,37.4,,,74,8,6.93,,11/16/18
Taos,US,36.41,-105.57,27.95,11.84,37.94,,,86,1,1.92,351.002,11/14/18
Tarboro,US,35.9,-77.54,41.94,39.92,44.24,,,70,1,11.41,260,11/16/18
Taylor,US,30.57,-97.41,41.31,35.42,46.04,,,52,1,4.16,82.5016,11/14/18
Temecula,US,33.49,-117.15,77.02,70.7,82.04,,,5,1,6.15,57.5015,11/12/18
Thomaston,US,32.89,-84.33,36.34,32,42.8,,,75,1,5.82,350,11/17/18
Tifton,US,31.45,-83.51,35.29,33.98,36.68,,,84,1,10.29,330,11/16/18
Timberlake,US,32.26,-81.31,37.18,34.88,41,,,93,1,2.64,323.508,11/17/18
Toccoa,US,34.58,-83.33,31.26,30.02,33.08,,,82,1,6.93,240,11/16/18
Tooele,US,40.53,-112.3,39.13,37.94,41,,,35,1,12.75,320,11/12/18
Tooele,US,40.53,-112.3,41.4,39.02,45.5,,,45,1,3.49,337.502,11/14/18
Tooele,US,40.53,-112.3,28.67,24.98,33.08,,,71,75,5.82,170,11/17/18
Topeka,US,39.05,-95.68,28.62,26.06,32,,,53,1,6.93,160,11/14/18
Toppenish,US,46.38,-120.31,30.02,30.02,30.02,,,88,20,4.7,250,11/14/18
Toppenish,US,46.38,-120.31,35.06,35.06,35.06,,,84,1,4.7,320,11/16/18
Torrington,US,42.06,-104.18,46.17,44.06,48.92,,,34,1,10.29,290,11/14/18
Torrington,US,42.06,-104.18,56.19,53.96,57.92,,,29,1,11.41,310,11/15/18
Traverse City,US,44.76,-85.62,20.86,17.06,23.72,,,77,1,12.77,191.502,11/14/18
Traverse City,US,44.76,-85.62,33.58,32,35.6,,,95,90,3.36,190,11/16/18
Traverse City,US,44.76,-85.62,31.1,28.76,33.08,,,85,90,3.36,300,11/17/18
Troutdale,US,45.53,-122.39,44.22,42.08,46.04,,,92,90,1.57,63.0039,11/16/18
Troy,US,42.73,-73.69,23.59,21.92,26.6,,,49,75,4.7,330,11/14/18
Truckee,US,39.33,-120.18,51.64,48.2,57.92,,,13,5,8.05,33,11/12/18
Truth or Consequences,US,33.13,-107.25,51.08,51.08,51.08,,,22,1,5.82,70,11/15/18
Truth or Consequences,US,33.13,-107.25,32,32,32,,,49,1,4.7,320,11/16/18
Truth or Consequences,US,33.13,-107.25,37.94,37.94,37.94,,,30,1,6.93,280,11/17/18
Tucumcari,US,35.17,-103.73,30.92,30.92,30.92,,,63,90,9.17,70,11/12/18
Tucumcari,US,35.17,-103.73,46.04,46.04,46.04,,,49,1,3.36,210,11/14/18
Tucumcari,US,35.17,-103.73,53.06,53.06,53.06,,,48,1,3.36,280,11/15/18
Tucumcari,US,35.17,-103.73,42.98,42.98,42.98,,,59,1,14.99,20,11/17/18
Tupelo,US,34.26,-88.7,35.06,35.06,35.06,,,88,1,5.44,181.008,11/17/18
Tuscaloosa,US,33.21,-87.57,35.06,35.06,35.06,,,81,40,3.36,10,11/16/18
Twentynine Palms,US,34.14,-116.05,68.36,60.08,73.04,,,16,1,3.83,308.503,11/15/18
Twin Falls,US,42.57,-114.46,39.63,39.02,39.92,,,27,1,8.05,30,11/12/18
Twin Falls,US,42.57,-114.46,35.92,33.98,37.04,,,85,90,9.17,80,11/17/18
Two Rivers,US,44.15,-87.57,27.68,26.06,28.94,,,60,90,6.93,300,11/12/18
Two Rivers,US,44.15,-87.57,23.34,21.92,24.08,,,83,1,12.1,190.002,11/14/18
Tyler,US,32.35,-95.3,40.77,39.02,42.8,,,73,1,6.93,190,11/16/18
Ukiah,US,39.15,-123.21,68,68,68,,,9,1,2.64,100.501,11/12/18
Ukiah,US,39.15,-123.21,60.08,60.08,60.08,,,23,1,1.92,327.502,11/14/18
Ukiah,US,39.15,-123.21,48.92,48.92,48.92,,,40,1,4.16,65.0025,11/15/18
Ukiah,US,39.15,-123.21,33.08,33.08,33.08,,,77,1,2.01,61.0039,11/16/18
Ukiah,US,39.15,-123.21,32,32,32,,,81,1,1.97,75.0075,11/17/18
Union,US,47.36,-123.1,57.18,52.16,60.98,,,40,1,5.82,160,11/12/18
Union,US,47.36,-123.1,52,48.02,55.94,,,92,75,5.82,200,11/14/18
Utica,US,43.1,-75.23,44.96,44.96,44.96,,,47,75,3.36,90,11/12/18
Uvalde,US,29.21,-99.79,48.42,47.84,48.92,,,69,90,19.46,350,11/12/18
Uvalde,US,29.21,-99.79,48.56,46.22,50,,,45,1,3.36,170,11/14/18
Uvalde,US,29.21,-99.79,58.14,57.92,58.46,,,29,1,9.17,190,11/15/18
Valdosta,US,30.83,-83.28,68.61,67.28,69.98,,,88,1,3.36,130,11/12/18
Valley City,US,46.92,-98,38.3,37.4,39.92,,,93,20,9.17,210,11/14/18
Valley City,US,46.92,-98,33.24,32,33.98,,,100,90,17.22,330,11/15/18
Valley City,US,46.92,-98,25.47,24.8,26.6,,,100,90,7.94,59.5039,11/16/18
Valparaiso,US,41.47,-87.06,33.93,32,35.96,,,75,75,10.29,260,11/16/18
Valparaiso,US,41.47,-87.06,33.49,32,35.6,,,100,90,3.42,202.008,11/17/18
Van Buren,US,47.16,-67.94,14.63,12.92,15.98,,,58,75,19.46,290,11/14/18
Vancouver,US,45.63,-122.67,44.73,42.08,48.2,,,96,90,1.57,63.0039,11/16/18
Venice,US,27.1,-82.45,82.45,82.04,82.94,,,74,1,8.05,200,11/12/18
Vicksburg,US,32.35,-90.88,53.98,53.06,55.04,,,100,90,6.93,360,11/12/18
Vicksburg,US,32.35,-90.88,32.4,30.92,33.8,,,80,90,11.41,350,11/14/18
Vicksburg,US,32.35,-90.88,33.64,33.08,33.98,,,100,1,5.14,206.504,11/16/18
Vincennes,US,38.68,-87.53,42.82,40.46,46.04,,,57,90,11.41,360,11/12/18
Vincennes,US,38.68,-87.53,31.77,30.92,33.08,,,88,90,11.41,230,11/15/18
Vincennes,US,38.68,-87.53,30.25,28.4,32,,,96,20,4.7,50,11/17/18
Virginia Beach,US,36.85,-75.98,53.04,50.18,55.94,,,93,90,6.93,90,11/12/18
Virginia Beach,US,36.85,-75.98,44.38,42.08,46.94,,,62,90,9.17,10,11/14/18
Virginia Beach,US,36.85,-75.98,54.88,50,60.98,,,100,90,19.46,80,11/15/18
Virginia Beach,US,36.85,-75.98,36.95,30.2,46.94,,,82,1,5.82,30,11/17/18
Waconia,US,44.85,-93.79,27.9,26.06,30.2,,,92,90,8.05,300,11/16/18
Wahpeton,US,46.27,-96.61,13.69,12.2,15.8,,,56,20,12.75,330,11/12/18
Wahpeton,US,46.27,-96.61,20.75,19.04,23,,,85,68,4.7,360,11/16/18
Wahpeton,US,46.27,-96.61,5.32,1.4,6.8,,,77,44,14.99,350,11/17/18
Waldoboro,US,44.1,-69.38,27.36,23,35.6,,,93,90,24.16,60,11/16/18
Warner Robins,US,32.62,-83.6,49.84,48.2,50.9,,,96,90,6.93,60,11/14/18
Warren,US,42.48,-83.03,40.33,38.48,42.08,,,49,90,3.36,220,11/12/18
Warren,US,42.48,-83.03,34.36,31.82,35.96,,,69,90,6.93,280,11/17/18
Warrensburg,US,38.76,-93.74,34.14,32,35.6,,,77,1,4.7,270,11/16/18
Wasco,US,35.59,-119.34,59.05,57.92,60.08,,,26,1,3.15,227.503,11/15/18
Washington DC.,US,38.9,-77.04,38.59,35.6,42.08,,,54,1,5.5,37.5016,11/14/18
Washington DC.,US,38.9,-77.04,37.72,34.16,41,,,79,1,13.87,296.004,11/16/18
Washougal,US,45.58,-122.35,52.12,44.06,55.94,,,59,1,32.21,90,11/12/18
Washougal,US,45.58,-122.35,44.22,42.08,46.04,,,92,90,1.57,63.0039,11/16/18
Washougal,US,45.58,-122.35,42.89,37.94,50,,,92,1,6.44,77.5075,11/17/18
Wasilla,US,61.58,-149.44,35.51,33.8,37.04,,,100,40,3.02,60.0015,11/12/18
Wasilla,US,61.58,-149.44,31.08,28.94,32.72,,,88,1,4.05,84.0016,11/14/18
Wasilla,US,61.58,-149.44,18.27,14,24.08,,,91,1,4.72,75.0025,11/15/18
Wasilla,US,61.58,-149.44,25.11,21.02,28.94,,,95,1,5.82,200,11/16/18
Watertown,US,44.9,-97.12,43,39.02,46.4,,,66,1,11.41,170,11/14/18
Watertown,US,44.9,-97.12,52.39,48.02,55.58,,,53,1,20.8,280,11/15/18
Watertown,US,44.9,-97.12,8.92,3.92,12.56,,,91,40,12.75,340,11/17/18
Waverly,US,37.04,-77.1,40.71,37.94,42.8,,,76,1,9.17,250,11/16/18
Waycross,US,31.21,-82.35,37.74,35.96,39.2,,,83,1,10.29,320,11/16/18
Waycross,US,31.21,-82.35,36.32,33.8,39.38,,,90,1,2.64,338.008,11/17/18
Waynesboro,US,35.32,-87.76,31.15,28.04,35.6,,,67,1,6.93,170,11/16/18
Waynesville,US,37.83,-92.2,39.42,37.04,41,,,86,1,5.82,140,11/17/18
Weatherford,US,32.76,-97.8,39.87,35.06,42.8,,,80,1,5.59,246.504,11/16/18
Weatherford,US,32.76,-97.8,43.72,37.94,48.02,,,85,1,6.93,140,11/17/18
Weiser,US,44.25,-116.97,35.96,35.96,35.96,,,54,1,2.04,72.5025,11/15/18
Weiser,US,44.25,-116.97,21.92,21.92,21.92,,,71,1,4.7,290,11/16/18
Weiser,US,44.25,-116.97,41,41,41,,,67,20,11.41,310,11/17/18
Wenatchee,US,47.42,-120.31,34.39,32,39.02,,,88,90,4.7,80,11/14/18
West Fargo,US,46.88,-96.9,38.73,37.4,39.92,,,74,1,14.99,170,11/14/18
West Fargo,US,46.88,-96.9,35.33,35.06,35.6,,,88,90,12.75,330,11/15/18
West Fargo,US,46.88,-96.9,2.34,1.4,3.02,,,77,1,8.05,330,11/17/18
West Monroe,US,32.52,-92.15,45.81,43.88,48.02,,,92,90,14.99,350,11/12/18
West Odessa,US,31.84,-102.48,60.67,59,62.06,,,32,12,5.82,210,11/15/18
West Point,US,33.61,-88.65,30.85,30.02,32,,,66,1,6.15,227.504,11/16/18
West Richland,US,46.3,-119.35,44.4,39.02,48.92,,,75,1,2.62,181.001,11/14/18
West Wendover,US,40.74,-114.07,39.02,39.02,39.02,,,33,1,6.93,180,11/12/18
West Wendover,US,40.74,-114.07,35.06,35.06,35.06,,,43,1,3.36,90,11/15/18
West Wendover,US,40.74,-114.07,21.02,21.02,21.02,,,67,1,2.57,316.504,11/16/18
West Wendover,US,40.74,-114.07,26.96,26.96,26.96,,,62,40,2.64,318.508,11/17/18
Westerville,US,40.13,-82.93,39.94,37.4,42.08,,,48,90,2.91,122.501,11/12/18
Weston,US,41.2,-73.38,35.62,32,41,,,88,90,21.92,340,11/16/18
Whitefish,US,48.41,-114.33,19.94,19.94,19.94,,,64,1,9.17,350,11/17/18
Whitewater,US,42.83,-88.73,26.4,24.08,28.94,,,64,90,9.17,330,11/12/18
Wichita Falls,US,33.91,-98.49,33.26,32,33.98,,,78,90,28.86,10,11/12/18
Wichita Falls,US,33.91,-98.49,40.93,37.94,44.06,,,61,1,4.7,120,11/14/18
Wichita Falls,US,33.91,-98.49,38.03,37.04,39.02,,,85,1,9.17,180,11/17/18
Willmar,US,45.12,-95.04,23.29,19.4,26.6,,,92,1,3.36,300,11/16/18
Wilmington,US,39.75,-75.55,46.26,42.8,48.02,,,56,1,6.89,160.001,11/12/18
Wilmington,US,39.75,-75.55,34.95,32,37.94,,,96,1,3.36,340,11/14/18
Wilmington,US,39.75,-75.55,29.59,26.06,33.08,,,92,90,14.99,40,11/15/18
Wilmington,US,39.75,-75.55,35.4,33.08,37.04,,,100,90,11.41,280,11/16/18
Wilmington Island,US,32,-80.97,64.65,60.8,68,,,100,90,5.82,60,11/12/18
Winnemucca,US,40.97,-117.74,48.02,48.02,48.02,,,18,1,4.7,20,11/12/18
Winnemucca,US,40.97,-117.74,44.96,44.96,44.96,,,17,1,4.7,330,11/14/18
Winnemucca,US,40.97,-117.74,44.06,44.06,44.06,,,21,1,9.17,30,11/15/18
Winnemucca,US,40.97,-117.74,12.92,12.92,12.92,,,53,1,4.7,140,11/16/18
Winnemucca,US,40.97,-117.74,15.08,15.08,15.08,,,43,1,2.42,332.008,11/17/18
Wisconsin Rapids,US,44.39,-89.82,25.63,23,28.4,,,66,1,3.36,160,11/14/18
Woodward,US,36.43,-99.39,28.67,28.4,28.94,,,66,40,21.92,360,11/12/18
Woodward,US,36.43,-99.39,35.64,33.8,37.04,,,74,1,8.05,160,11/14/18
Woodward,US,36.43,-99.39,59,59,59,,,33,1,11.41,260,11/15/18
Wooster,US,40.8,-81.94,39.27,37.04,41,,,48,90,6.93,140,11/12/18
Worthington,US,43.62,-95.6,19.24,17.24,21.92,,,61,75,16.11,330,11/12/18
Yakima,US,46.6,-120.51,43.63,37.04,48.92,,,78,1,4.5,305.503,11/15/18
Yankton,US,42.87,-97.4,42.08,42.08,42.08,,,57,1,9.17,160,11/14/18
Yucca Valley,US,34.12,-116.41,41.23,23,53.06,,,29,1,6.93,340,11/17/18
Yuma,US,32.73,-114.62,70.25,69.8,71.06,,,6,1,18.34,10,11/12/18
Zachary,US,30.65,-91.16,35.96,35.96,35.96,,,96,1,2.64,101.008,11/17/18
Zanesville,US,39.94,-82.01,31.26,30.2,32,,,85,90,16.11,230,11/16/18